report,area,station,yaw,x_native,y_native,z_native,x_cm,y_cm,z_cm,distance_cm,surface,confidence,limits
PLAN_SECTION_B_SITE_001,B_SITE,B_SITE,0.0,-1344.0,2500.0,104.0,-3413.76,6350.0,264.16,1158.24,concrete,confirmed repeated first-hit point,"32 repeated first-hit directions atZ104. East/north/west masonry, northeast bevel, western setbacks and north alcove present; wooden hits include site crates, car-side construction and door leaves. South258.75 ray passes tunnel opening toY1024; other south rays cross B approach. First-hit surface/shape/face retained; neither a closed site polygon nor full cover body accepted."
PLAN_SECTION_B_SITE_001,B_SITE,B_SITE,11.25,-1664.5,2526.95,104.0,-4227.83,6418.453,264.16,350.9114,Wood_Plank,confirmed repeated first-hit point,"32 repeated first-hit directions atZ104. East/north/west masonry, northeast bevel, western setbacks and north alcove present; wooden hits include site crates, car-side construction and door leaves. South258.75 ray passes tunnel opening toY1024; other south rays cross B approach. First-hit surface/shape/face retained; neither a closed site polygon nor full cover body accepted."
PLAN_SECTION_B_SITE_001,B_SITE,B_SITE,22.5,-1664.5,2556.12,104.0,-4227.83,6492.5448,264.16,372.5212,Wood_Plank,confirmed repeated first-hit point,"32 repeated first-hit directions atZ104. East/north/west masonry, northeast bevel, western setbacks and north alcove present; wooden hits include site crates, car-side construction and door leaves. South258.75 ray passes tunnel opening toY1024; other south rays cross B approach. First-hit surface/shape/face retained; neither a closed site polygon nor full cover body accepted."
PLAN_SECTION_B_SITE_001,B_SITE,B_SITE,33.75,-1361.72,2792.85,104.0,-3458.7688,7093.839,264.16,1338.8727,concrete,confirmed repeated first-hit point,"32 repeated first-hit directions atZ104. East/north/west masonry, northeast bevel, western setbacks and north alcove present; wooden hits include site crates, car-side construction and door leaves. South258.75 ray passes tunnel opening toY1024; other south rays cross B approach. First-hit surface/shape/face retained; neither a closed site polygon nor full cover body accepted."
PLAN_SECTION_B_SITE_001,B_SITE,B_SITE,45.0,-1451.91,2848.09,104.0,-3687.8514,7234.1486,264.16,1250.3749,concrete,confirmed repeated first-hit point,"32 repeated first-hit directions atZ104. East/north/west masonry, northeast bevel, western setbacks and north alcove present; wooden hits include site crates, car-side construction and door leaves. South258.75 ray passes tunnel opening toY1024; other south rays cross B approach. First-hit surface/shape/face retained; neither a closed site polygon nor full cover body accepted."
PLAN_SECTION_B_SITE_001,B_SITE,B_SITE,56.25,-1546.09,2880.0,104.0,-3927.0686,7315.2,264.16,1160.8392,concrete,confirmed repeated first-hit point,"32 repeated first-hit directions atZ104. East/north/west masonry, northeast bevel, western setbacks and north alcove present; wooden hits include site crates, car-side construction and door leaves. South258.75 ray passes tunnel opening toY1024; other south rays cross B approach. First-hit surface/shape/face retained; neither a closed site polygon nor full cover body accepted."
PLAN_SECTION_B_SITE_001,B_SITE,B_SITE,67.5,-1642.59,2880.01,104.0,-4172.1786,7315.2254,264.16,1044.757,concrete,confirmed repeated first-hit point,"32 repeated first-hit directions atZ104. East/north/west masonry, northeast bevel, western setbacks and north alcove present; wooden hits include site crates, car-side construction and door leaves. South258.75 ray passes tunnel opening toY1024; other south rays cross B approach. First-hit surface/shape/face retained; neither a closed site polygon nor full cover body accepted."
PLAN_SECTION_B_SITE_001,B_SITE,B_SITE,78.75,-1724.41,2880.01,104.0,-4380.0014,7315.2254,264.16,984.1359,concrete,confirmed repeated first-hit point,"32 repeated first-hit directions atZ104. East/north/west masonry, northeast bevel, western setbacks and north alcove present; wooden hits include site crates, car-side construction and door leaves. South258.75 ray passes tunnel opening toY1024; other south rays cross B approach. First-hit surface/shape/face retained; neither a closed site polygon nor full cover body accepted."
PLAN_SECTION_B_SITE_001,B_SITE,B_SITE,90.0,-1800.0,2880.0,104.0,-4572.0,7315.2,264.16,965.2,concrete,confirmed repeated first-hit point,"32 repeated first-hit directions atZ104. East/north/west masonry, northeast bevel, western setbacks and north alcove present; wooden hits include site crates, car-side construction and door leaves. South258.75 ray passes tunnel opening toY1024; other south rays cross B approach. First-hit surface/shape/face retained; neither a closed site polygon nor full cover body accepted."
PLAN_SECTION_B_SITE_001,B_SITE,B_SITE,101.25,-1875.73,2880.71,104.0,-4764.3542,7317.0034,264.16,985.9491,concrete,confirmed repeated first-hit point,"32 repeated first-hit directions atZ104. East/north/west masonry, northeast bevel, western setbacks and north alcove present; wooden hits include site crates, car-side construction and door leaves. South258.75 ray passes tunnel opening toY1024; other south rays cross B approach. First-hit surface/shape/face retained; neither a closed site polygon nor full cover body accepted."
PLAN_SECTION_B_SITE_001,B_SITE,B_SITE,112.5,-2063.44,3136.0,104.0,-5241.1376,7965.44,264.16,1748.5398,concrete,confirmed repeated first-hit point,"32 repeated first-hit directions atZ104. East/north/west masonry, northeast bevel, western setbacks and north alcove present; wooden hits include site crates, car-side construction and door leaves. South258.75 ray passes tunnel opening toY1024; other south rays cross B approach. First-hit surface/shape/face retained; neither a closed site polygon nor full cover body accepted."
PLAN_SECTION_B_SITE_001,B_SITE,B_SITE,123.75,-2113.03,2968.48,104.0,-5367.0962,7539.9392,264.16,1431.1301,concrete,confirmed repeated first-hit point,"32 repeated first-hit directions atZ104. East/north/west masonry, northeast bevel, western setbacks and north alcove present; wooden hits include site crates, car-side construction and door leaves. South258.75 ray passes tunnel opening toY1024; other south rays cross B approach. First-hit surface/shape/face retained; neither a closed site polygon nor full cover body accepted."
PLAN_SECTION_B_SITE_001,B_SITE,B_SITE,135.0,-2112.96,2812.96,104.0,-5366.9184,7144.9184,264.16,1124.1844,concrete,confirmed repeated first-hit point,"32 repeated first-hit directions atZ104. East/north/west masonry, northeast bevel, western setbacks and north alcove present; wooden hits include site crates, car-side construction and door leaves. South258.75 ray passes tunnel opening toY1024; other south rays cross B approach. First-hit surface/shape/face retained; neither a closed site polygon nor full cover body accepted."
PLAN_SECTION_B_SITE_001,B_SITE,B_SITE,146.25,-2112.92,2709.09,104.0,-5366.8168,6881.0886,264.16,955.923,concrete,confirmed repeated first-hit point,"32 repeated first-hit directions atZ104. East/north/west masonry, northeast bevel, western setbacks and north alcove present; wooden hits include site crates, car-side construction and door leaves. South258.75 ray passes tunnel opening toY1024; other south rays cross B approach. First-hit surface/shape/face retained; neither a closed site polygon nor full cover body accepted."
PLAN_SECTION_B_SITE_001,B_SITE,B_SITE,157.5,-2128.01,2635.86,104.0,-5405.1454,6695.0844,264.16,901.7841,concrete,confirmed repeated first-hit point,"32 repeated first-hit directions atZ104. East/north/west masonry, northeast bevel, western setbacks and north alcove present; wooden hits include site crates, car-side construction and door leaves. South258.75 ray passes tunnel opening toY1024; other south rays cross B approach. First-hit surface/shape/face retained; neither a closed site polygon nor full cover body accepted."
PLAN_SECTION_B_SITE_001,B_SITE,B_SITE,168.75,-2128.0,2565.24,104.0,-5405.12,6515.7096,264.16,849.4402,concrete,confirmed repeated first-hit point,"32 repeated first-hit directions atZ104. East/north/west masonry, northeast bevel, western setbacks and north alcove present; wooden hits include site crates, car-side construction and door leaves. South258.75 ray passes tunnel opening toY1024; other south rays cross B approach. First-hit surface/shape/face retained; neither a closed site polygon nor full cover body accepted."
PLAN_SECTION_B_SITE_001,B_SITE,B_SITE,180.0,-2128.01,2500.0,104.0,-5405.1454,6350.0,264.16,833.1454,concrete,confirmed repeated first-hit point,"32 repeated first-hit directions atZ104. East/north/west masonry, northeast bevel, western setbacks and north alcove present; wooden hits include site crates, car-side construction and door leaves. South258.75 ray passes tunnel opening toY1024; other south rays cross B approach. First-hit surface/shape/face retained; neither a closed site polygon nor full cover body accepted."
PLAN_SECTION_B_SITE_001,B_SITE,B_SITE,191.25,-2128.01,2434.76,104.0,-5405.1454,6184.2904,264.16,849.4651,concrete,confirmed repeated first-hit point,"32 repeated first-hit directions atZ104. East/north/west masonry, northeast bevel, western setbacks and north alcove present; wooden hits include site crates, car-side construction and door leaves. South258.75 ray passes tunnel opening toY1024; other south rays cross B approach. First-hit surface/shape/face retained; neither a closed site polygon nor full cover body accepted."
PLAN_SECTION_B_SITE_001,B_SITE,B_SITE,202.5,-2176.0,2344.26,104.0,-5527.04,5954.4204,264.16,1033.7237,concrete,confirmed repeated first-hit point,"32 repeated first-hit directions atZ104. East/north/west masonry, northeast bevel, western setbacks and north alcove present; wooden hits include site crates, car-side construction and door leaves. South258.75 ray passes tunnel opening toY1024; other south rays cross B approach. First-hit surface/shape/face retained; neither a closed site polygon nor full cover body accepted."
PLAN_SECTION_B_SITE_001,B_SITE,B_SITE,213.75,-2201.07,2232.01,104.0,-5590.7178,5669.3054,264.16,1225.2066,Wood_Dense,confirmed repeated first-hit point,"32 repeated first-hit directions atZ104. East/north/west masonry, northeast bevel, western setbacks and north alcove present; wooden hits include site crates, car-side construction and door leaves. South258.75 ray passes tunnel opening toY1024; other south rays cross B approach. First-hit surface/shape/face retained; neither a closed site polygon nor full cover body accepted."
PLAN_SECTION_B_SITE_001,B_SITE,B_SITE,225.0,-2201.07,2098.93,104.0,-5590.7178,5331.2822,264.16,1440.6845,Wood_Dense,confirmed repeated first-hit point,"32 repeated first-hit directions atZ104. East/north/west masonry, northeast bevel, western setbacks and north alcove present; wooden hits include site crates, car-side construction and door leaves. South258.75 ray passes tunnel opening toY1024; other south rays cross B approach. First-hit surface/shape/face retained; neither a closed site polygon nor full cover body accepted."
PLAN_SECTION_B_SITE_001,B_SITE,B_SITE,236.25,-2176.0,1937.27,104.0,-5527.04,4920.6658,264.16,1719.0397,concrete,confirmed repeated first-hit point,"32 repeated first-hit directions atZ104. East/north/west masonry, northeast bevel, western setbacks and north alcove present; wooden hits include site crates, car-side construction and door leaves. South258.75 ray passes tunnel opening toY1024; other south rays cross B approach. First-hit surface/shape/face retained; neither a closed site polygon nor full cover body accepted."
PLAN_SECTION_B_SITE_001,B_SITE,B_SITE,247.5,-2093.26,1792.0,104.0,-5316.8804,4551.68,264.16,1946.4844,concrete,confirmed repeated first-hit point,"32 repeated first-hit directions atZ104. East/north/west masonry, northeast bevel, western setbacks and north alcove present; wooden hits include site crates, car-side construction and door leaves. South258.75 ray passes tunnel opening toY1024; other south rays cross B approach. First-hit surface/shape/face retained; neither a closed site polygon nor full cover body accepted."
PLAN_SECTION_B_SITE_001,B_SITE,B_SITE,258.75,-2093.59,1024.0,104.0,-5317.7186,2600.96,264.16,3822.4857,concrete,confirmed repeated first-hit point,"32 repeated first-hit directions atZ104. East/north/west masonry, northeast bevel, western setbacks and north alcove present; wooden hits include site crates, car-side construction and door leaves. South258.75 ray passes tunnel opening toY1024; other south rays cross B approach. First-hit surface/shape/face retained; neither a closed site polygon nor full cover body accepted."
PLAN_SECTION_B_SITE_001,B_SITE,B_SITE,270.0,-1800.0,1855.17,104.0,-4572.0,4712.1318,264.16,1637.8682,Wood_Plank,confirmed repeated first-hit point,"32 repeated first-hit directions atZ104. East/north/west masonry, northeast bevel, western setbacks and north alcove present; wooden hits include site crates, car-side construction and door leaves. South258.75 ray passes tunnel opening toY1024; other south rays cross B approach. First-hit surface/shape/face retained; neither a closed site polygon nor full cover body accepted."
PLAN_SECTION_B_SITE_001,B_SITE,B_SITE,281.25,-1620.98,1600.0,104.0,-4117.2892,4064.0,264.16,2330.7848,concrete,confirmed repeated first-hit point,"32 repeated first-hit directions atZ104. East/north/west masonry, northeast bevel, western setbacks and north alcove present; wooden hits include site crates, car-side construction and door leaves. South258.75 ray passes tunnel opening toY1024; other south rays cross B approach. First-hit surface/shape/face retained; neither a closed site polygon nor full cover body accepted."
PLAN_SECTION_B_SITE_001,B_SITE,B_SITE,292.5,-1427.21,1600.0,104.0,-3625.1134,4064.0,264.16,2474.3464,concrete,confirmed repeated first-hit point,"32 repeated first-hit directions atZ104. East/north/west masonry, northeast bevel, western setbacks and north alcove present; wooden hits include site crates, car-side construction and door leaves. South258.75 ray passes tunnel opening toY1024; other south rays cross B approach. First-hit surface/shape/face retained; neither a closed site polygon nor full cover body accepted."
PLAN_SECTION_B_SITE_001,B_SITE,B_SITE,303.75,-1376.38,1866.0,104.0,-3496.0052,4739.64,264.16,1936.7561,concrete,confirmed repeated first-hit point,"32 repeated first-hit directions atZ104. East/north/west masonry, northeast bevel, western setbacks and north alcove present; wooden hits include site crates, car-side construction and door leaves. South258.75 ray passes tunnel opening toY1024; other south rays cross B approach. First-hit surface/shape/face retained; neither a closed site polygon nor full cover body accepted."
PLAN_SECTION_B_SITE_001,B_SITE,B_SITE,315.0,-1375.8,2075.8,104.0,-3494.532,5272.532,264.16,1523.7699,concrete,confirmed repeated first-hit point,"32 repeated first-hit directions atZ104. East/north/west masonry, northeast bevel, western setbacks and north alcove present; wooden hits include site crates, car-side construction and door leaves. South258.75 ray passes tunnel opening toY1024; other south rays cross B approach. First-hit surface/shape/face retained; neither a closed site polygon nor full cover body accepted."
PLAN_SECTION_B_SITE_001,B_SITE,B_SITE,326.25,-1298.59,2164.97,104.0,-3298.4186,5499.0238,264.16,1531.7213,Wood_Dense,confirmed repeated first-hit point,"32 repeated first-hit directions atZ104. East/north/west masonry, northeast bevel, western setbacks and north alcove present; wooden hits include site crates, car-side construction and door leaves. South258.75 ray passes tunnel opening toY1024; other south rays cross B approach. First-hit surface/shape/face retained; neither a closed site polygon nor full cover body accepted."
PLAN_SECTION_B_SITE_001,B_SITE,B_SITE,337.5,-1343.93,2311.09,104.0,-3413.5822,5870.1686,264.16,1253.862,concrete,confirmed repeated first-hit point,"32 repeated first-hit directions atZ104. East/north/west masonry, northeast bevel, western setbacks and north alcove present; wooden hits include site crates, car-side construction and door leaves. South258.75 ray passes tunnel opening toY1024; other south rays cross B approach. First-hit surface/shape/face retained; neither a closed site polygon nor full cover body accepted."
PLAN_SECTION_B_SITE_001,B_SITE,B_SITE,348.75,-1343.67,2409.23,104.0,-3412.9218,6119.4442,264.16,1181.786,concrete,confirmed repeated first-hit point,"32 repeated first-hit directions atZ104. East/north/west masonry, northeast bevel, western setbacks and north alcove present; wooden hits include site crates, car-side construction and door leaves. South258.75 ray passes tunnel opening toY1024; other south rays cross B approach. First-hit surface/shape/face retained; neither a closed site polygon nor full cover body accepted."
PLAN_SECTION_CT_SPAWN_001,CT_SPAWN,CT_SPAWN,0.0,509.28,2370.0,-36.0,1293.5712,6019.8,-91.44,887.1712,concrete,confirmed repeated first-hit point,"32 repeated first-hit directions atZ-36 below overlapping A layer. Concrete room walls/returns, near-west facade irregularity and multiple wood/metal cover hits remain distinct. Southeast326.25/337.5 rays pass adjoining route to further wall. Not a full under-A floor polygon, combined cover bbox or full-height wall envelope."
PLAN_SECTION_CT_SPAWN_001,CT_SPAWN,CT_SPAWN,11.25,510.85,2439.79,-36.0,1297.559,6197.0666,-91.44,908.6186,concrete,confirmed repeated first-hit point,"32 repeated first-hit directions atZ-36 below overlapping A layer. Concrete room walls/returns, near-west facade irregularity and multiple wood/metal cover hits remain distinct. Southeast326.25/337.5 rays pass adjoining route to further wall. Not a full under-A floor polygon, combined cover bbox or full-height wall envelope."
PLAN_SECTION_CT_SPAWN_001,CT_SPAWN,CT_SPAWN,22.5,510.01,2514.98,-36.0,1295.4254,6388.0492,-91.44,962.2752,concrete,confirmed repeated first-hit point,"32 repeated first-hit directions atZ-36 below overlapping A layer. Concrete room walls/returns, near-west facade irregularity and multiple wood/metal cover hits remain distinct. Southeast326.25/337.5 rays pass adjoining route to further wall. Not a full under-A floor polygon, combined cover bbox or full-height wall envelope."
PLAN_SECTION_CT_SPAWN_001,CT_SPAWN,CT_SPAWN,33.75,436.37,2554.66,-36.0,1108.3798,6488.8364,-91.44,844.2575,concrete,confirmed repeated first-hit point,"32 repeated first-hit directions atZ-36 below overlapping A layer. Concrete room walls/returns, near-west facade irregularity and multiple wood/metal cover hits remain distinct. Southeast326.25/337.5 rays pass adjoining route to further wall. Not a full under-A floor polygon, combined cover bbox or full-height wall envelope."
PLAN_SECTION_CT_SPAWN_001,CT_SPAWN,CT_SPAWN,45.0,432.0,2642.0,-36.0,1097.28,6710.68,-91.44,977.0519,concrete,confirmed repeated first-hit point,"32 repeated first-hit directions atZ-36 below overlapping A layer. Concrete room walls/returns, near-west facade irregularity and multiple wood/metal cover hits remain distinct. Southeast326.25/337.5 rays pass adjoining route to further wall. Not a full under-A floor polygon, combined cover bbox or full-height wall envelope."
PLAN_SECTION_CT_SPAWN_001,CT_SPAWN,CT_SPAWN,56.25,292.23,2567.89,-36.0,742.2642,6522.4406,-91.44,604.5265,solidmetal,confirmed repeated first-hit point,"32 repeated first-hit directions atZ-36 below overlapping A layer. Concrete room walls/returns, near-west facade irregularity and multiple wood/metal cover hits remain distinct. Southeast326.25/337.5 rays pass adjoining route to further wall. Not a full under-A floor polygon, combined cover bbox or full-height wall envelope."
PLAN_SECTION_CT_SPAWN_001,CT_SPAWN,CT_SPAWN,67.5,367.94,2872.0,-36.0,934.5676,7294.88,-91.44,1380.1413,concrete,confirmed repeated first-hit point,"32 repeated first-hit directions atZ-36 below overlapping A layer. Concrete room walls/returns, near-west facade irregularity and multiple wood/metal cover hits remain distinct. Southeast326.25/337.5 rays pass adjoining route to further wall. Not a full under-A floor polygon, combined cover bbox or full-height wall envelope."
PLAN_SECTION_CT_SPAWN_001,CT_SPAWN,CT_SPAWN,78.75,198.53,2563.7,-36.0,504.2662,6511.798,-91.44,501.6371,Wood_Dense,confirmed repeated first-hit point,"32 repeated first-hit directions atZ-36 below overlapping A layer. Concrete room walls/returns, near-west facade irregularity and multiple wood/metal cover hits remain distinct. Southeast326.25/337.5 rays pass adjoining route to further wall. Not a full under-A floor polygon, combined cover bbox or full-height wall envelope."
PLAN_SECTION_CT_SPAWN_001,CT_SPAWN,CT_SPAWN,90.0,160.0,2559.16,-36.0,406.4,6500.2664,-91.44,480.4664,concrete,confirmed repeated first-hit point,"32 repeated first-hit directions atZ-36 below overlapping A layer. Concrete room walls/returns, near-west facade irregularity and multiple wood/metal cover hits remain distinct. Southeast326.25/337.5 rays pass adjoining route to further wall. Not a full under-A floor polygon, combined cover bbox or full-height wall envelope."
PLAN_SECTION_CT_SPAWN_001,CT_SPAWN,CT_SPAWN,101.25,123.04,2555.8,-36.0,312.5216,6491.732,-91.44,481.1787,concrete,confirmed repeated first-hit point,"32 repeated first-hit directions atZ-36 below overlapping A layer. Concrete room walls/returns, near-west facade irregularity and multiple wood/metal cover hits remain distinct. Southeast326.25/337.5 rays pass adjoining route to further wall. Not a full under-A floor polygon, combined cover bbox or full-height wall envelope."
PLAN_SECTION_CT_SPAWN_001,CT_SPAWN,CT_SPAWN,112.5,81.65,2559.16,-36.0,207.391,6500.2664,-91.44,520.0505,concrete,confirmed repeated first-hit point,"32 repeated first-hit directions atZ-36 below overlapping A layer. Concrete room walls/returns, near-west facade irregularity and multiple wood/metal cover hits remain distinct. Southeast326.25/337.5 rays pass adjoining route to further wall. Not a full under-A floor polygon, combined cover bbox or full-height wall envelope."
PLAN_SECTION_CT_SPAWN_001,CT_SPAWN,CT_SPAWN,123.75,67.36,2508.65,-36.0,171.0944,6371.971,-91.44,423.5483,concrete,confirmed repeated first-hit point,"32 repeated first-hit directions atZ-36 below overlapping A layer. Concrete room walls/returns, near-west facade irregularity and multiple wood/metal cover hits remain distinct. Southeast326.25/337.5 rays pass adjoining route to further wall. Not a full under-A floor polygon, combined cover bbox or full-height wall envelope."
PLAN_SECTION_CT_SPAWN_001,CT_SPAWN,CT_SPAWN,135.0,67.36,2462.64,-36.0,171.0944,6255.1056,-91.44,332.7724,concrete,confirmed repeated first-hit point,"32 repeated first-hit directions atZ-36 below overlapping A layer. Concrete room walls/returns, near-west facade irregularity and multiple wood/metal cover hits remain distinct. Southeast326.25/337.5 rays pass adjoining route to further wall. Not a full under-A floor polygon, combined cover bbox or full-height wall envelope."
PLAN_SECTION_CT_SPAWN_001,CT_SPAWN,CT_SPAWN,146.25,66.57,2432.43,-36.0,169.0878,6178.3722,-91.44,285.4159,concrete,confirmed repeated first-hit point,"32 repeated first-hit directions atZ-36 below overlapping A layer. Concrete room walls/returns, near-west facade irregularity and multiple wood/metal cover hits remain distinct. Southeast326.25/337.5 rays pass adjoining route to further wall. Not a full under-A floor polygon, combined cover bbox or full-height wall envelope."
PLAN_SECTION_CT_SPAWN_001,CT_SPAWN,CT_SPAWN,157.5,68.03,2408.09,-36.0,172.7962,6116.5486,-91.44,252.8459,Wood_Solid,confirmed repeated first-hit point,"32 repeated first-hit directions atZ-36 below overlapping A layer. Concrete room walls/returns, near-west facade irregularity and multiple wood/metal cover hits remain distinct. Southeast326.25/337.5 rays pass adjoining route to further wall. Not a full under-A floor polygon, combined cover bbox or full-height wall envelope."
PLAN_SECTION_CT_SPAWN_001,CT_SPAWN,CT_SPAWN,168.75,50.09,2391.86,-36.0,127.2286,6075.3244,-91.44,284.6395,concrete,confirmed repeated first-hit point,"32 repeated first-hit directions atZ-36 below overlapping A layer. Concrete room walls/returns, near-west facade irregularity and multiple wood/metal cover hits remain distinct. Southeast326.25/337.5 rays pass adjoining route to further wall. Not a full under-A floor polygon, combined cover bbox or full-height wall envelope."
PLAN_SECTION_CT_SPAWN_001,CT_SPAWN,CT_SPAWN,180.0,31.63,2370.0,-36.0,80.3402,6019.8,-91.44,326.0598,concrete,confirmed repeated first-hit point,"32 repeated first-hit directions atZ-36 below overlapping A layer. Concrete room walls/returns, near-west facade irregularity and multiple wood/metal cover hits remain distinct. Southeast326.25/337.5 rays pass adjoining route to further wall. Not a full under-A floor polygon, combined cover bbox or full-height wall envelope."
PLAN_SECTION_CT_SPAWN_001,CT_SPAWN,CT_SPAWN,191.25,60.35,2350.18,-36.0,153.289,5969.4572,-91.44,258.0689,Wood_Plank,confirmed repeated first-hit point,"32 repeated first-hit directions atZ-36 below overlapping A layer. Concrete room walls/returns, near-west facade irregularity and multiple wood/metal cover hits remain distinct. Southeast326.25/337.5 rays pass adjoining route to further wall. Not a full under-A floor polygon, combined cover bbox or full-height wall envelope."
PLAN_SECTION_CT_SPAWN_001,CT_SPAWN,CT_SPAWN,202.5,75.52,2335.01,-36.0,191.8208,5930.9254,-91.44,232.2562,Wood_Plank,confirmed repeated first-hit point,"32 repeated first-hit directions atZ-36 below overlapping A layer. Concrete room walls/returns, near-west facade irregularity and multiple wood/metal cover hits remain distinct. Southeast326.25/337.5 rays pass adjoining route to further wall. Not a full under-A floor polygon, combined cover bbox or full-height wall envelope."
PLAN_SECTION_CT_SPAWN_001,CT_SPAWN,CT_SPAWN,213.75,88.47,2322.21,-36.0,224.7138,5898.4134,-91.44,218.5053,Wood_Plank,confirmed repeated first-hit point,"32 repeated first-hit directions atZ-36 below overlapping A layer. Concrete room walls/returns, near-west facade irregularity and multiple wood/metal cover hits remain distinct. Southeast326.25/337.5 rays pass adjoining route to further wall. Not a full under-A floor polygon, combined cover bbox or full-height wall envelope."
PLAN_SECTION_CT_SPAWN_001,CT_SPAWN,CT_SPAWN,225.0,100.15,2310.15,-36.0,254.381,5867.781,-91.44,214.9873,Wood_Plank,confirmed repeated first-hit point,"32 repeated first-hit directions atZ-36 below overlapping A layer. Concrete room walls/returns, near-west facade irregularity and multiple wood/metal cover hits remain distinct. Southeast326.25/337.5 rays pass adjoining route to further wall. Not a full under-A floor polygon, combined cover bbox or full-height wall envelope."
PLAN_SECTION_CT_SPAWN_001,CT_SPAWN,CT_SPAWN,236.25,-81.93,2007.92,-36.0,-208.1022,5100.1168,-91.44,1106.0878,Wood_Panel,confirmed repeated first-hit point,"32 repeated first-hit directions atZ-36 below overlapping A layer. Concrete room walls/returns, near-west facade irregularity and multiple wood/metal cover hits remain distinct. Southeast326.25/337.5 rays pass adjoining route to further wall. Not a full under-A floor polygon, combined cover bbox or full-height wall envelope."
PLAN_SECTION_CT_SPAWN_001,CT_SPAWN,CT_SPAWN,247.5,2.55,1989.88,-36.0,6.477,5054.2952,-91.44,1045.054,Wood_Solid,confirmed repeated first-hit point,"32 repeated first-hit directions atZ-36 below overlapping A layer. Concrete room walls/returns, near-west facade irregularity and multiple wood/metal cover hits remain distinct. Southeast326.25/337.5 rays pass adjoining route to further wall. Not a full under-A floor polygon, combined cover bbox or full-height wall envelope."
PLAN_SECTION_CT_SPAWN_001,CT_SPAWN,CT_SPAWN,258.75,93.76,2036.98,-36.0,238.1504,5173.9292,-91.44,862.4415,Wood_Solid,confirmed repeated first-hit point,"32 repeated first-hit directions atZ-36 below overlapping A layer. Concrete room walls/returns, near-west facade irregularity and multiple wood/metal cover hits remain distinct. Southeast326.25/337.5 rays pass adjoining route to further wall. Not a full under-A floor polygon, combined cover bbox or full-height wall envelope."
PLAN_SECTION_CT_SPAWN_001,CT_SPAWN,CT_SPAWN,270.0,160.0,2032.0,-36.0,406.4,5161.28,-91.44,858.52,concrete,confirmed repeated first-hit point,"32 repeated first-hit directions atZ-36 below overlapping A layer. Concrete room walls/returns, near-west facade irregularity and multiple wood/metal cover hits remain distinct. Southeast326.25/337.5 rays pass adjoining route to further wall. Not a full under-A floor polygon, combined cover bbox or full-height wall envelope."
PLAN_SECTION_CT_SPAWN_001,CT_SPAWN,CT_SPAWN,281.25,227.23,2032.0,-36.0,577.1642,5161.28,-91.44,875.3382,concrete,confirmed repeated first-hit point,"32 repeated first-hit directions atZ-36 below overlapping A layer. Concrete room walls/returns, near-west facade irregularity and multiple wood/metal cover hits remain distinct. Southeast326.25/337.5 rays pass adjoining route to further wall. Not a full under-A floor polygon, combined cover bbox or full-height wall envelope."
PLAN_SECTION_CT_SPAWN_001,CT_SPAWN,CT_SPAWN,292.5,299.49,2033.25,-36.0,760.7046,5164.455,-91.44,925.8222,Wood_Solid,confirmed repeated first-hit point,"32 repeated first-hit directions atZ-36 below overlapping A layer. Concrete room walls/returns, near-west facade irregularity and multiple wood/metal cover hits remain distinct. Southeast326.25/337.5 rays pass adjoining route to further wall. Not a full under-A floor polygon, combined cover bbox or full-height wall envelope."
PLAN_SECTION_CT_SPAWN_001,CT_SPAWN,CT_SPAWN,303.75,385.66,2032.28,-36.0,979.5764,5161.9912,-91.44,1031.6817,concrete,confirmed repeated first-hit point,"32 repeated first-hit directions atZ-36 below overlapping A layer. Concrete room walls/returns, near-west facade irregularity and multiple wood/metal cover hits remain distinct. Southeast326.25/337.5 rays pass adjoining route to further wall. Not a full under-A floor polygon, combined cover bbox or full-height wall envelope."
PLAN_SECTION_CT_SPAWN_001,CT_SPAWN,CT_SPAWN,315.0,499.54,2030.46,-36.0,1268.8316,5157.3684,-91.44,1219.6625,concrete,confirmed repeated first-hit point,"32 repeated first-hit directions atZ-36 below overlapping A layer. Concrete room walls/returns, near-west facade irregularity and multiple wood/metal cover hits remain distinct. Southeast326.25/337.5 rays pass adjoining route to further wall. Not a full under-A floor polygon, combined cover bbox or full-height wall envelope."
PLAN_SECTION_CT_SPAWN_001,CT_SPAWN,CT_SPAWN,326.25,641.89,2048.01,-36.0,1630.4006,5201.9454,-91.44,1472.095,concrete,confirmed repeated first-hit point,"32 repeated first-hit directions atZ-36 below overlapping A layer. Concrete room walls/returns, near-west facade irregularity and multiple wood/metal cover hits remain distinct. Southeast326.25/337.5 rays pass adjoining route to further wall. Not a full under-A floor polygon, combined cover bbox or full-height wall envelope."
PLAN_SECTION_CT_SPAWN_001,CT_SPAWN,CT_SPAWN,337.5,863.97,2078.41,-36.0,2194.4838,5279.1614,-91.44,1935.4041,concrete,confirmed repeated first-hit point,"32 repeated first-hit directions atZ-36 below overlapping A layer. Concrete room walls/returns, near-west facade irregularity and multiple wood/metal cover hits remain distinct. Southeast326.25/337.5 rays pass adjoining route to further wall. Not a full under-A floor polygon, combined cover bbox or full-height wall envelope."
PLAN_SECTION_CT_SPAWN_001,CT_SPAWN,CT_SPAWN,348.75,508.63,2300.65,-36.0,1291.9202,5843.651,-91.44,902.8701,Wood_Dense,confirmed repeated first-hit point,"32 repeated first-hit directions atZ-36 below overlapping A layer. Concrete room walls/returns, near-west facade irregularity and multiple wood/metal cover hits remain distinct. Southeast326.25/337.5 rays pass adjoining route to further wall. Not a full under-A floor polygon, combined cover bbox or full-height wall envelope."
PLAN_SECTION_UPPER_CHAMBER_001,UPPER_CHAMBER,UPPER_CHAMBER,0.0,-1212.04,1200.0,104.0,-3078.5816,3048.0,264.16,985.4184,Wood_Panel,confirmed repeated first-hit point,"32 repeated first-hit directions atZ104. Native concrete chamber wall/column, wood cover and west metal hits retained separately. South258.75 passes entrance into remote sand slope atY-548.28 and is not a chamber wall. Angled rays reveal offset north wall/pillars; no convex-hull rectangle or full stair/floor boundary accepted."
PLAN_SECTION_UPPER_CHAMBER_001,UPPER_CHAMBER,UPPER_CHAMBER,11.25,-1276.98,1264.25,104.0,-3243.5292,3211.195,264.16,836.5434,Wood_Panel,confirmed repeated first-hit point,"32 repeated first-hit directions atZ104. Native concrete chamber wall/column, wood cover and west metal hits retained separately. South258.75 passes entrance into remote sand slope atY-548.28 and is not a chamber wall. Angled rays reveal offset north wall/pillars; no convex-hull rectangle or full stair/floor boundary accepted."
PLAN_SECTION_UPPER_CHAMBER_001,UPPER_CHAMBER,UPPER_CHAMBER,22.5,-1406.86,1280.0,104.0,-3573.4244,3251.2,264.16,530.994,concrete,confirmed repeated first-hit point,"32 repeated first-hit directions atZ104. Native concrete chamber wall/column, wood cover and west metal hits retained separately. South258.75 passes entrance into remote sand slope atY-548.28 and is not a chamber wall. Angled rays reveal offset north wall/pillars; no convex-hull rectangle or full stair/floor boundary accepted."
PLAN_SECTION_UPPER_CHAMBER_001,UPPER_CHAMBER,UPPER_CHAMBER,33.75,-1480.27,1280.0,104.0,-3759.8858,3251.2,264.16,365.7536,concrete,confirmed repeated first-hit point,"32 repeated first-hit directions atZ104. Native concrete chamber wall/column, wood cover and west metal hits retained separately. South258.75 passes entrance into remote sand slope atY-548.28 and is not a chamber wall. Angled rays reveal offset north wall/pillars; no convex-hull rectangle or full stair/floor boundary accepted."
PLAN_SECTION_UPPER_CHAMBER_001,UPPER_CHAMBER,UPPER_CHAMBER,45.0,-1538.06,1261.94,104.0,-3906.6724,3205.3276,264.16,222.4948,concrete,confirmed repeated first-hit point,"32 repeated first-hit directions atZ104. Native concrete chamber wall/column, wood cover and west metal hits retained separately. South258.75 passes entrance into remote sand slope atY-548.28 and is not a chamber wall. Angled rays reveal offset north wall/pillars; no convex-hull rectangle or full stair/floor boundary accepted."
PLAN_SECTION_UPPER_CHAMBER_001,UPPER_CHAMBER,UPPER_CHAMBER,56.25,-1557.61,1263.45,104.0,-3956.3294,3209.163,264.16,193.8207,concrete,confirmed repeated first-hit point,"32 repeated first-hit directions atZ104. Native concrete chamber wall/column, wood cover and west metal hits retained separately. South258.75 passes entrance into remote sand slope atY-548.28 and is not a chamber wall. Angled rays reveal offset north wall/pillars; no convex-hull rectangle or full stair/floor boundary accepted."
PLAN_SECTION_UPPER_CHAMBER_001,UPPER_CHAMBER,UPPER_CHAMBER,67.5,-1566.86,1280.0,104.0,-3979.8244,3251.2,264.16,219.9449,concrete,confirmed repeated first-hit point,"32 repeated first-hit directions atZ104. Native concrete chamber wall/column, wood cover and west metal hits retained separately. South258.75 passes entrance into remote sand slope atY-548.28 and is not a chamber wall. Angled rays reveal offset north wall/pillars; no convex-hull rectangle or full stair/floor boundary accepted."
PLAN_SECTION_UPPER_CHAMBER_001,UPPER_CHAMBER,UPPER_CHAMBER,78.75,-1584.09,1280.0,104.0,-4023.5886,3251.2,264.16,207.1794,concrete,confirmed repeated first-hit point,"32 repeated first-hit directions atZ104. Native concrete chamber wall/column, wood cover and west metal hits retained separately. South258.75 passes entrance into remote sand slope atY-548.28 and is not a chamber wall. Angled rays reveal offset north wall/pillars; no convex-hull rectangle or full stair/floor boundary accepted."
PLAN_SECTION_UPPER_CHAMBER_001,UPPER_CHAMBER,UPPER_CHAMBER,90.0,-1600.0,1280.15,104.0,-4064.0,3251.581,264.16,203.581,concrete,confirmed repeated first-hit point,"32 repeated first-hit directions atZ104. Native concrete chamber wall/column, wood cover and west metal hits retained separately. South258.75 passes entrance into remote sand slope atY-548.28 and is not a chamber wall. Angled rays reveal offset north wall/pillars; no convex-hull rectangle or full stair/floor boundary accepted."
PLAN_SECTION_UPPER_CHAMBER_001,UPPER_CHAMBER,UPPER_CHAMBER,101.25,-1616.0,1280.44,104.0,-4104.64,3252.3176,264.16,208.3202,concrete,confirmed repeated first-hit point,"32 repeated first-hit directions atZ104. Native concrete chamber wall/column, wood cover and west metal hits retained separately. South258.75 passes entrance into remote sand slope atY-548.28 and is not a chamber wall. Angled rays reveal offset north wall/pillars; no convex-hull rectangle or full stair/floor boundary accepted."
PLAN_SECTION_UPPER_CHAMBER_001,UPPER_CHAMBER,UPPER_CHAMBER,112.5,-1633.42,1280.67,104.0,-4148.8868,3252.9018,264.16,221.7894,concrete,confirmed repeated first-hit point,"32 repeated first-hit directions atZ104. Native concrete chamber wall/column, wood cover and west metal hits retained separately. South258.75 passes entrance into remote sand slope atY-548.28 and is not a chamber wall. Angled rays reveal offset north wall/pillars; no convex-hull rectangle or full stair/floor boundary accepted."
PLAN_SECTION_UPPER_CHAMBER_001,UPPER_CHAMBER,UPPER_CHAMBER,123.75,-1654.03,1280.86,104.0,-4201.2362,3253.3844,264.16,247.0152,concrete,confirmed repeated first-hit point,"32 repeated first-hit directions atZ104. Native concrete chamber wall/column, wood cover and west metal hits retained separately. South258.75 passes entrance into remote sand slope atY-548.28 and is not a chamber wall. Angled rays reveal offset north wall/pillars; no convex-hull rectangle or full stair/floor boundary accepted."
PLAN_SECTION_UPPER_CHAMBER_001,UPPER_CHAMBER,UPPER_CHAMBER,135.0,-1808.0,1408.0,104.0,-4592.32,3576.32,264.16,747.1573,concrete,confirmed repeated first-hit point,"32 repeated first-hit directions atZ104. Native concrete chamber wall/column, wood cover and west metal hits retained separately. South258.75 passes entrance into remote sand slope atY-548.28 and is not a chamber wall. Angled rays reveal offset north wall/pillars; no convex-hull rectangle or full stair/floor boundary accepted."
PLAN_SECTION_UPPER_CHAMBER_001,UPPER_CHAMBER,UPPER_CHAMBER,146.25,-1730.63,1287.28,104.0,-4395.8002,3269.6912,264.16,399.0468,concrete,confirmed repeated first-hit point,"32 repeated first-hit directions atZ104. Native concrete chamber wall/column, wood cover and west metal hits retained separately. South258.75 passes entrance into remote sand slope atY-548.28 and is not a chamber wall. Angled rays reveal offset north wall/pillars; no convex-hull rectangle or full stair/floor boundary accepted."
PLAN_SECTION_UPPER_CHAMBER_001,UPPER_CHAMBER,UPPER_CHAMBER,157.5,-1749.38,1261.88,104.0,-4443.4252,3205.1752,264.16,410.6915,concrete,confirmed repeated first-hit point,"32 repeated first-hit directions atZ104. Native concrete chamber wall/column, wood cover and west metal hits retained separately. South258.75 passes entrance into remote sand slope atY-548.28 and is not a chamber wall. Angled rays reveal offset north wall/pillars; no convex-hull rectangle or full stair/floor boundary accepted."
PLAN_SECTION_UPPER_CHAMBER_001,UPPER_CHAMBER,UPPER_CHAMBER,168.75,-2049.11,1289.33,104.0,-5204.7394,3274.8982,264.16,1163.0861,Wood_Panel,confirmed repeated first-hit point,"32 repeated first-hit directions atZ104. Native concrete chamber wall/column, wood cover and west metal hits retained separately. South258.75 passes entrance into remote sand slope atY-548.28 and is not a chamber wall. Angled rays reveal offset north wall/pillars; no convex-hull rectangle or full stair/floor boundary accepted."
PLAN_SECTION_UPPER_CHAMBER_001,UPPER_CHAMBER,UPPER_CHAMBER,180.0,-2208.73,1200.0,104.0,-5610.1742,3048.0,264.16,1546.1742,solidmetal,confirmed repeated first-hit point,"32 repeated first-hit directions atZ104. Native concrete chamber wall/column, wood cover and west metal hits retained separately. South258.75 passes entrance into remote sand slope atY-548.28 and is not a chamber wall. Angled rays reveal offset north wall/pillars; no convex-hull rectangle or full stair/floor boundary accepted."
PLAN_SECTION_UPPER_CHAMBER_001,UPPER_CHAMBER,UPPER_CHAMBER,191.25,-2208.0,1079.06,104.0,-5608.32,2740.8124,264.16,1574.5757,concrete,confirmed repeated first-hit point,"32 repeated first-hit directions atZ104. Native concrete chamber wall/column, wood cover and west metal hits retained separately. South258.75 passes entrance into remote sand slope atY-548.28 and is not a chamber wall. Angled rays reveal offset north wall/pillars; no convex-hull rectangle or full stair/floor boundary accepted."
PLAN_SECTION_UPPER_CHAMBER_001,UPPER_CHAMBER,UPPER_CHAMBER,202.5,-1983.26,1041.25,104.0,-5037.4804,2644.775,264.16,1053.6861,concrete,confirmed repeated first-hit point,"32 repeated first-hit directions atZ104. Native concrete chamber wall/column, wood cover and west metal hits retained separately. South258.75 passes entrance into remote sand slope atY-548.28 and is not a chamber wall. Angled rays reveal offset north wall/pillars; no convex-hull rectangle or full stair/floor boundary accepted."
PLAN_SECTION_UPPER_CHAMBER_001,UPPER_CHAMBER,UPPER_CHAMBER,213.75,-1864.12,1023.52,104.0,-4734.8648,2599.7408,264.16,806.8432,concrete,confirmed repeated first-hit point,"32 repeated first-hit directions atZ104. Native concrete chamber wall/column, wood cover and west metal hits retained separately. South258.75 passes entrance into remote sand slope atY-548.28 and is not a chamber wall. Angled rays reveal offset north wall/pillars; no convex-hull rectangle or full stair/floor boundary accepted."
PLAN_SECTION_UPPER_CHAMBER_001,UPPER_CHAMBER,UPPER_CHAMBER,225.0,-1754.61,1045.39,104.0,-4456.7094,2655.2906,264.16,555.375,concrete,confirmed repeated first-hit point,"32 repeated first-hit directions atZ104. Native concrete chamber wall/column, wood cover and west metal hits retained separately. South258.75 passes entrance into remote sand slope atY-548.28 and is not a chamber wall. Angled rays reveal offset north wall/pillars; no convex-hull rectangle or full stair/floor boundary accepted."
PLAN_SECTION_UPPER_CHAMBER_001,UPPER_CHAMBER,UPPER_CHAMBER,236.25,-1757.71,963.96,104.0,-4464.5834,2448.4584,264.16,721.0528,concrete,confirmed repeated first-hit point,"32 repeated first-hit directions atZ104. Native concrete chamber wall/column, wood cover and west metal hits retained separately. South258.75 passes entrance into remote sand slope atY-548.28 and is not a chamber wall. Angled rays reveal offset north wall/pillars; no convex-hull rectangle or full stair/floor boundary accepted."
PLAN_SECTION_UPPER_CHAMBER_001,UPPER_CHAMBER,UPPER_CHAMBER,247.5,-1728.0,890.98,104.0,-4389.12,2263.0892,264.16,849.5811,concrete,confirmed repeated first-hit point,"32 repeated first-hit directions atZ104. Native concrete chamber wall/column, wood cover and west metal hits retained separately. South258.75 passes entrance into remote sand slope atY-548.28 and is not a chamber wall. Angled rays reveal offset north wall/pillars; no convex-hull rectangle or full stair/floor boundary accepted."
PLAN_SECTION_UPPER_CHAMBER_001,UPPER_CHAMBER,UPPER_CHAMBER,258.75,-1947.75,-548.28,104.0,-4947.285,-1392.6312,264.16,4527.6261,sand,confirmed repeated first-hit point,"32 repeated first-hit directions atZ104. Native concrete chamber wall/column, wood cover and west metal hits retained separately. South258.75 passes entrance into remote sand slope atY-548.28 and is not a chamber wall. Angled rays reveal offset north wall/pillars; no convex-hull rectangle or full stair/floor boundary accepted."
PLAN_SECTION_UPPER_CHAMBER_001,UPPER_CHAMBER,UPPER_CHAMBER,270.0,-1600.0,963.97,104.0,-4064.0,2448.4838,264.16,599.5162,concrete,confirmed repeated first-hit point,"32 repeated first-hit directions atZ104. Native concrete chamber wall/column, wood cover and west metal hits retained separately. South258.75 passes entrance into remote sand slope atY-548.28 and is not a chamber wall. Angled rays reveal offset north wall/pillars; no convex-hull rectangle or full stair/floor boundary accepted."
PLAN_SECTION_UPPER_CHAMBER_001,UPPER_CHAMBER,UPPER_CHAMBER,281.25,-1552.26,960.0,104.0,-3942.7404,2438.4,264.16,621.5433,concrete,confirmed repeated first-hit point,"32 repeated first-hit directions atZ104. Native concrete chamber wall/column, wood cover and west metal hits retained separately. South258.75 passes entrance into remote sand slope atY-548.28 and is not a chamber wall. Angled rays reveal offset north wall/pillars; no convex-hull rectangle or full stair/floor boundary accepted."
PLAN_SECTION_UPPER_CHAMBER_001,UPPER_CHAMBER,UPPER_CHAMBER,292.5,-1534.55,1042.0,104.0,-3897.757,2646.68,264.16,434.3898,concrete,confirmed repeated first-hit point,"32 repeated first-hit directions atZ104. Native concrete chamber wall/column, wood cover and west metal hits retained separately. South258.75 passes entrance into remote sand slope atY-548.28 and is not a chamber wall. Angled rays reveal offset north wall/pillars; no convex-hull rectangle or full stair/floor boundary accepted."
PLAN_SECTION_UPPER_CHAMBER_001,UPPER_CHAMBER,UPPER_CHAMBER,303.75,-1482.4,1024.0,104.0,-3765.296,2600.96,264.16,537.6512,concrete,confirmed repeated first-hit point,"32 repeated first-hit directions atZ104. Native concrete chamber wall/column, wood cover and west metal hits retained separately. South258.75 passes entrance into remote sand slope atY-548.28 and is not a chamber wall. Angled rays reveal offset north wall/pillars; no convex-hull rectangle or full stair/floor boundary accepted."
PLAN_SECTION_UPPER_CHAMBER_001,UPPER_CHAMBER,UPPER_CHAMBER,315.0,-1424.0,1024.0,104.0,-3616.96,2600.96,264.16,632.21,concrete,confirmed repeated first-hit point,"32 repeated first-hit directions atZ104. Native concrete chamber wall/column, wood cover and west metal hits retained separately. South258.75 passes entrance into remote sand slope atY-548.28 and is not a chamber wall. Angled rays reveal offset north wall/pillars; no convex-hull rectangle or full stair/floor boundary accepted."
PLAN_SECTION_UPPER_CHAMBER_001,UPPER_CHAMBER,UPPER_CHAMBER,326.25,-1336.6,1024.0,104.0,-3394.964,2600.96,264.16,804.6452,concrete,confirmed repeated first-hit point,"32 repeated first-hit directions atZ104. Native concrete chamber wall/column, wood cover and west metal hits retained separately. South258.75 passes entrance into remote sand slope atY-548.28 and is not a chamber wall. Angled rays reveal offset north wall/pillars; no convex-hull rectangle or full stair/floor boundary accepted."
PLAN_SECTION_UPPER_CHAMBER_001,UPPER_CHAMBER,UPPER_CHAMBER,337.5,-1184.57,1027.92,104.0,-3008.8078,2610.9168,264.16,1142.135,concrete,confirmed repeated first-hit point,"32 repeated first-hit directions atZ104. Native concrete chamber wall/column, wood cover and west metal hits retained separately. South258.75 passes entrance into remote sand slope atY-548.28 and is not a chamber wall. Angled rays reveal offset north wall/pillars; no convex-hull rectangle or full stair/floor boundary accepted."
PLAN_SECTION_UPPER_CHAMBER_001,UPPER_CHAMBER,UPPER_CHAMBER,348.75,-1069.14,1094.4,104.0,-2715.6156,2779.776,264.16,1374.8035,concrete,confirmed repeated first-hit point,"32 repeated first-hit directions atZ104. Native concrete chamber wall/column, wood cover and west metal hits retained separately. South258.75 passes entrance into remote sand slope atY-548.28 and is not a chamber wall. Angled rays reveal offset north wall/pillars; no convex-hull rectangle or full stair/floor boundary accepted."
PLAN_SECTION_LONG_CHAMBER_001,LONG_CHAMBER,LONG_CHAMBER,0.0,768.0,500.0,80.0,1950.72,1270.0,203.2,325.12,concrete,confirmed repeated first-hit point,"32 repeated directions atZ80. Concrete eastern/western walls include local Hull projections and rough Mesh faces, not uniform planes. North and south cardinal rays pass both open portals to remote geometry (Y1208/Y-427). Wood_Panel crate hits and Wood_Dense door leaves retained separately. No room rectangle or minimum leaf envelope accepted."
PLAN_SECTION_LONG_CHAMBER_001,LONG_CHAMBER,LONG_CHAMBER,11.25,768.0,525.46,80.0,1950.72,1334.6684,203.2,331.4891,concrete,confirmed repeated first-hit point,"32 repeated directions atZ80. Concrete eastern/western walls include local Hull projections and rough Mesh faces, not uniform planes. North and south cardinal rays pass both open portals to remote geometry (Y1208/Y-427). Wood_Panel crate hits and Wood_Dense door leaves retained separately. No room rectangle or minimum leaf envelope accepted."
PLAN_SECTION_LONG_CHAMBER_001,LONG_CHAMBER,LONG_CHAMBER,22.5,768.0,553.02,80.0,1950.72,1404.6708,203.2,351.908,concrete,confirmed repeated first-hit point,"32 repeated directions atZ80. Concrete eastern/western walls include local Hull projections and rough Mesh faces, not uniform planes. North and south cardinal rays pass both open portals to remote geometry (Y1208/Y-427). Wood_Panel crate hits and Wood_Dense door leaves retained separately. No room rectangle or minimum leaf envelope accepted."
PLAN_SECTION_LONG_CHAMBER_001,LONG_CHAMBER,LONG_CHAMBER,33.75,762.57,581.9,80.0,1936.9278,1478.026,203.2,374.4327,concrete,confirmed repeated first-hit point,"32 repeated directions atZ80. Concrete eastern/western walls include local Hull projections and rough Mesh faces, not uniform planes. North and south cardinal rays pass both open portals to remote geometry (Y1208/Y-427). Wood_Panel crate hits and Wood_Dense door leaves retained separately. No room rectangle or minimum leaf envelope accepted."
PLAN_SECTION_LONG_CHAMBER_001,LONG_CHAMBER,LONG_CHAMBER,45.0,768.0,628.0,80.0,1950.72,1595.12,203.2,459.7891,concrete,confirmed repeated first-hit point,"32 repeated directions atZ80. Concrete eastern/western walls include local Hull projections and rough Mesh faces, not uniform planes. North and south cardinal rays pass both open portals to remote geometry (Y1208/Y-427). Wood_Panel crate hits and Wood_Dense door leaves retained separately. No room rectangle or minimum leaf envelope accepted."
PLAN_SECTION_LONG_CHAMBER_001,LONG_CHAMBER,LONG_CHAMBER,56.25,701.23,591.63,80.0,1781.1242,1502.7402,203.2,279.921,Wood_Panel,confirmed repeated first-hit point,"32 repeated directions atZ80. Concrete eastern/western walls include local Hull projections and rough Mesh faces, not uniform planes. North and south cardinal rays pass both open portals to remote geometry (Y1208/Y-427). Wood_Panel crate hits and Wood_Dense door leaves retained separately. No room rectangle or minimum leaf envelope accepted."
PLAN_SECTION_LONG_CHAMBER_001,LONG_CHAMBER,LONG_CHAMBER,67.5,682.91,603.59,80.0,1734.5914,1533.1186,203.2,284.7991,Wood_Panel,confirmed repeated first-hit point,"32 repeated directions atZ80. Concrete eastern/western walls include local Hull projections and rough Mesh faces, not uniform planes. North and south cardinal rays pass both open portals to remote geometry (Y1208/Y-427). Wood_Panel crate hits and Wood_Dense door leaves retained separately. No room rectangle or minimum leaf envelope accepted."
PLAN_SECTION_LONG_CHAMBER_001,LONG_CHAMBER,LONG_CHAMBER,78.75,666.32,632.33,80.0,1692.4528,1606.1182,203.2,342.7021,Wood_Panel,confirmed repeated first-hit point,"32 repeated directions atZ80. Concrete eastern/western walls include local Hull projections and rough Mesh faces, not uniform planes. North and south cardinal rays pass both open portals to remote geometry (Y1208/Y-427). Wood_Panel crate hits and Wood_Dense door leaves retained separately. No room rectangle or minimum leaf envelope accepted."
PLAN_SECTION_LONG_CHAMBER_001,LONG_CHAMBER,LONG_CHAMBER,90.0,640.0,1208.0,80.0,1625.6,3068.32,203.2,1798.32,concrete,confirmed repeated first-hit point,"32 repeated directions atZ80. Concrete eastern/western walls include local Hull projections and rough Mesh faces, not uniform planes. North and south cardinal rays pass both open portals to remote geometry (Y1208/Y-427). Wood_Panel crate hits and Wood_Dense door leaves retained separately. No room rectangle or minimum leaf envelope accepted."
PLAN_SECTION_LONG_CHAMBER_001,LONG_CHAMBER,LONG_CHAMBER,101.25,589.0,756.4,80.0,1496.06,1921.256,203.2,664.0143,Wood_Dense,confirmed repeated first-hit point,"32 repeated directions atZ80. Concrete eastern/western walls include local Hull projections and rough Mesh faces, not uniform planes. North and south cardinal rays pass both open portals to remote geometry (Y1208/Y-427). Wood_Panel crate hits and Wood_Dense door leaves retained separately. No room rectangle or minimum leaf envelope accepted."
PLAN_SECTION_LONG_CHAMBER_001,LONG_CHAMBER,LONG_CHAMBER,112.5,546.98,724.57,80.0,1389.3292,1840.4078,203.2,617.405,concrete,confirmed repeated first-hit point,"32 repeated directions atZ80. Concrete eastern/western walls include local Hull projections and rough Mesh faces, not uniform planes. North and south cardinal rays pass both open portals to remote geometry (Y1208/Y-427). Wood_Panel crate hits and Wood_Dense door leaves retained separately. No room rectangle or minimum leaf envelope accepted."
PLAN_SECTION_LONG_CHAMBER_001,LONG_CHAMBER,LONG_CHAMBER,123.75,512.0,691.57,80.0,1300.48,1756.5878,203.2,585.21,concrete,confirmed repeated first-hit point,"32 repeated directions atZ80. Concrete eastern/western walls include local Hull projections and rough Mesh faces, not uniform planes. North and south cardinal rays pass both open portals to remote geometry (Y1208/Y-427). Wood_Panel crate hits and Wood_Dense door leaves retained separately. No room rectangle or minimum leaf envelope accepted."
PLAN_SECTION_LONG_CHAMBER_001,LONG_CHAMBER,LONG_CHAMBER,135.0,512.0,628.0,80.0,1300.48,1595.12,203.2,459.7891,concrete,confirmed repeated first-hit point,"32 repeated directions atZ80. Concrete eastern/western walls include local Hull projections and rough Mesh faces, not uniform planes. North and south cardinal rays pass both open portals to remote geometry (Y1208/Y-427). Wood_Panel crate hits and Wood_Dense door leaves retained separately. No room rectangle or minimum leaf envelope accepted."
PLAN_SECTION_LONG_CHAMBER_001,LONG_CHAMBER,LONG_CHAMBER,146.25,517.43,581.9,80.0,1314.2722,1478.026,203.2,374.4327,concrete,confirmed repeated first-hit point,"32 repeated directions atZ80. Concrete eastern/western walls include local Hull projections and rough Mesh faces, not uniform planes. North and south cardinal rays pass both open portals to remote geometry (Y1208/Y-427). Wood_Panel crate hits and Wood_Dense door leaves retained separately. No room rectangle or minimum leaf envelope accepted."
PLAN_SECTION_LONG_CHAMBER_001,LONG_CHAMBER,LONG_CHAMBER,157.5,510.59,553.6,80.0,1296.8986,1406.144,203.2,355.7805,concrete,confirmed repeated first-hit point,"32 repeated directions atZ80. Concrete eastern/western walls include local Hull projections and rough Mesh faces, not uniform planes. North and south cardinal rays pass both open portals to remote geometry (Y1208/Y-427). Wood_Panel crate hits and Wood_Dense door leaves retained separately. No room rectangle or minimum leaf envelope accepted."
PLAN_SECTION_LONG_CHAMBER_001,LONG_CHAMBER,LONG_CHAMBER,168.75,510.13,525.83,80.0,1295.7302,1335.6082,203.2,336.331,concrete,confirmed repeated first-hit point,"32 repeated directions atZ80. Concrete eastern/western walls include local Hull projections and rough Mesh faces, not uniform planes. North and south cardinal rays pass both open portals to remote geometry (Y1208/Y-427). Wood_Panel crate hits and Wood_Dense door leaves retained separately. No room rectangle or minimum leaf envelope accepted."
PLAN_SECTION_LONG_CHAMBER_001,LONG_CHAMBER,LONG_CHAMBER,180.0,510.32,500.0,80.0,1296.2128,1270.0,203.2,329.3872,concrete,confirmed repeated first-hit point,"32 repeated directions atZ80. Concrete eastern/western walls include local Hull projections and rough Mesh faces, not uniform planes. North and south cardinal rays pass both open portals to remote geometry (Y1208/Y-427). Wood_Panel crate hits and Wood_Dense door leaves retained separately. No room rectangle or minimum leaf envelope accepted."
PLAN_SECTION_LONG_CHAMBER_001,LONG_CHAMBER,LONG_CHAMBER,191.25,510.75,474.29,80.0,1297.305,1204.6966,203.2,334.727,concrete,confirmed repeated first-hit point,"32 repeated directions atZ80. Concrete eastern/western walls include local Hull projections and rough Mesh faces, not uniform planes. North and south cardinal rays pass both open portals to remote geometry (Y1208/Y-427). Wood_Panel crate hits and Wood_Dense door leaves retained separately. No room rectangle or minimum leaf envelope accepted."
PLAN_SECTION_LONG_CHAMBER_001,LONG_CHAMBER,LONG_CHAMBER,202.5,522.19,451.2,80.0,1326.3626,1146.048,203.2,323.8937,concrete,confirmed repeated first-hit point,"32 repeated directions atZ80. Concrete eastern/western walls include local Hull projections and rough Mesh faces, not uniform planes. North and south cardinal rays pass both open portals to remote geometry (Y1208/Y-427). Wood_Panel crate hits and Wood_Dense door leaves retained separately. No room rectangle or minimum leaf envelope accepted."
PLAN_SECTION_LONG_CHAMBER_001,LONG_CHAMBER,LONG_CHAMBER,213.75,512.0,414.47,80.0,1300.48,1052.7538,203.2,391.0229,concrete,confirmed repeated first-hit point,"32 repeated directions atZ80. Concrete eastern/western walls include local Hull projections and rough Mesh faces, not uniform planes. North and south cardinal rays pass both open portals to remote geometry (Y1208/Y-427). Wood_Panel crate hits and Wood_Dense door leaves retained separately. No room rectangle or minimum leaf envelope accepted."
PLAN_SECTION_LONG_CHAMBER_001,LONG_CHAMBER,LONG_CHAMBER,225.0,512.0,372.0,80.0,1300.48,944.88,203.2,459.7891,concrete,confirmed repeated first-hit point,"32 repeated directions atZ80. Concrete eastern/western walls include local Hull projections and rough Mesh faces, not uniform planes. North and south cardinal rays pass both open portals to remote geometry (Y1208/Y-427). Wood_Panel crate hits and Wood_Dense door leaves retained separately. No room rectangle or minimum leaf envelope accepted."
PLAN_SECTION_LONG_CHAMBER_001,LONG_CHAMBER,LONG_CHAMBER,236.25,521.79,323.08,80.0,1325.3466,820.6232,203.2,540.455,concrete,confirmed repeated first-hit point,"32 repeated directions atZ80. Concrete eastern/western walls include local Hull projections and rough Mesh faces, not uniform planes. North and south cardinal rays pass both open portals to remote geometry (Y1208/Y-427). Wood_Panel crate hits and Wood_Dense door leaves retained separately. No room rectangle or minimum leaf envelope accepted."
PLAN_SECTION_LONG_CHAMBER_001,LONG_CHAMBER,LONG_CHAMBER,247.5,562.23,312.24,80.0,1428.0642,793.0896,203.2,516.2014,concrete,confirmed repeated first-hit point,"32 repeated directions atZ80. Concrete eastern/western walls include local Hull projections and rough Mesh faces, not uniform planes. North and south cardinal rays pass both open portals to remote geometry (Y1208/Y-427). Wood_Panel crate hits and Wood_Dense door leaves retained separately. No room rectangle or minimum leaf envelope accepted."
PLAN_SECTION_LONG_CHAMBER_001,LONG_CHAMBER,LONG_CHAMBER,258.75,605.64,327.28,80.0,1538.3256,831.2912,203.2,447.3055,Wood_Dense,confirmed repeated first-hit point,"32 repeated directions atZ80. Concrete eastern/western walls include local Hull projections and rough Mesh faces, not uniform planes. North and south cardinal rays pass both open portals to remote geometry (Y1208/Y-427). Wood_Panel crate hits and Wood_Dense door leaves retained separately. No room rectangle or minimum leaf envelope accepted."
PLAN_SECTION_LONG_CHAMBER_001,LONG_CHAMBER,LONG_CHAMBER,270.0,640.0,-427.0,80.0,1625.6,-1084.58,203.2,2354.58,metalpanel,confirmed repeated first-hit point,"32 repeated directions atZ80. Concrete eastern/western walls include local Hull projections and rough Mesh faces, not uniform planes. North and south cardinal rays pass both open portals to remote geometry (Y1208/Y-427). Wood_Panel crate hits and Wood_Dense door leaves retained separately. No room rectangle or minimum leaf envelope accepted."
PLAN_SECTION_LONG_CHAMBER_001,LONG_CHAMBER,LONG_CHAMBER,281.25,683.32,282.22,80.0,1735.6328,716.8388,203.2,563.9987,Wood_Dense,confirmed repeated first-hit point,"32 repeated directions atZ80. Concrete eastern/western walls include local Hull projections and rough Mesh faces, not uniform planes. North and south cardinal rays pass both open portals to remote geometry (Y1208/Y-427). Wood_Panel crate hits and Wood_Dense door leaves retained separately. No room rectangle or minimum leaf envelope accepted."
PLAN_SECTION_LONG_CHAMBER_001,LONG_CHAMBER,LONG_CHAMBER,292.5,717.77,312.24,80.0,1823.1358,793.0896,203.2,516.2014,concrete,confirmed repeated first-hit point,"32 repeated directions atZ80. Concrete eastern/western walls include local Hull projections and rough Mesh faces, not uniform planes. North and south cardinal rays pass both open portals to remote geometry (Y1208/Y-427). Wood_Panel crate hits and Wood_Dense door leaves retained separately. No room rectangle or minimum leaf envelope accepted."
PLAN_SECTION_LONG_CHAMBER_001,LONG_CHAMBER,LONG_CHAMBER,303.75,758.23,323.06,80.0,1925.9042,820.5724,203.2,540.5255,concrete,confirmed repeated first-hit point,"32 repeated directions atZ80. Concrete eastern/western walls include local Hull projections and rough Mesh faces, not uniform planes. North and south cardinal rays pass both open portals to remote geometry (Y1208/Y-427). Wood_Panel crate hits and Wood_Dense door leaves retained separately. No room rectangle or minimum leaf envelope accepted."
PLAN_SECTION_LONG_CHAMBER_001,LONG_CHAMBER,LONG_CHAMBER,315.0,768.0,372.0,80.0,1950.72,944.88,203.2,459.7891,concrete,confirmed repeated first-hit point,"32 repeated directions atZ80. Concrete eastern/western walls include local Hull projections and rough Mesh faces, not uniform planes. North and south cardinal rays pass both open portals to remote geometry (Y1208/Y-427). Wood_Panel crate hits and Wood_Dense door leaves retained separately. No room rectangle or minimum leaf envelope accepted."
PLAN_SECTION_LONG_CHAMBER_001,LONG_CHAMBER,LONG_CHAMBER,326.25,768.0,414.47,80.0,1950.72,1052.7538,203.2,391.0229,concrete,confirmed repeated first-hit point,"32 repeated directions atZ80. Concrete eastern/western walls include local Hull projections and rough Mesh faces, not uniform planes. North and south cardinal rays pass both open portals to remote geometry (Y1208/Y-427). Wood_Panel crate hits and Wood_Dense door leaves retained separately. No room rectangle or minimum leaf envelope accepted."
PLAN_SECTION_LONG_CHAMBER_001,LONG_CHAMBER,LONG_CHAMBER,337.5,758.98,450.72,80.0,1927.8092,1144.8288,203.2,327.1058,concrete,confirmed repeated first-hit point,"32 repeated directions atZ80. Concrete eastern/western walls include local Hull projections and rough Mesh faces, not uniform planes. North and south cardinal rays pass both open portals to remote geometry (Y1208/Y-427). Wood_Panel crate hits and Wood_Dense door leaves retained separately. No room rectangle or minimum leaf envelope accepted."
PLAN_SECTION_LONG_CHAMBER_001,LONG_CHAMBER,LONG_CHAMBER,348.75,768.0,474.54,80.0,1950.72,1205.3316,203.2,331.4891,concrete,confirmed repeated first-hit point,"32 repeated directions atZ80. Concrete eastern/western walls include local Hull projections and rough Mesh faces, not uniform planes. North and south cardinal rays pass both open portals to remote geometry (Y1208/Y-427). Wood_Panel crate hits and Wood_Dense door leaves retained separately. No room rectangle or minimum leaf envelope accepted."
PLAN_SECTION_LOWER_PASSAGE_001,LOWER_PASSAGE,LOWER_PASSAGE,0.0,-345.03,1450.0,-36.0,-876.3762,3683.0,-91.44,1663.6238,Wood_Panel,confirmed repeated first-hit point,32 repeated directions atZ-36. Northern Mesh wallY1536 and west endX-1216 sampled densely; southern wallY1312/first Hull protrusionY1316.7 differ. South-west rays enter curved stair side surfaces; east cardinal passes arch to Xbox Wood_Panel atX-345.03. Cover rays excluded from wall interpretation; no joined full floor boundary.
PLAN_SECTION_LOWER_PASSAGE_001,LOWER_PASSAGE,LOWER_PASSAGE,11.25,-567.65,1536.0,-36.0,-1441.831,3901.44,-91.44,1119.6835,concrete,confirmed repeated first-hit point,32 repeated directions atZ-36. Northern Mesh wallY1536 and west endX-1216 sampled densely; southern wallY1312/first Hull protrusionY1316.7 differ. South-west rays enter curved stair side surfaces; east cardinal passes arch to Xbox Wood_Panel atX-345.03. Cover rays excluded from wall interpretation; no joined full floor boundary.
PLAN_SECTION_LOWER_PASSAGE_001,LOWER_PASSAGE,LOWER_PASSAGE,22.5,-792.38,1536.0,-36.0,-2012.6452,3901.44,-91.44,570.8057,concrete,confirmed repeated first-hit point,32 repeated directions atZ-36. Northern Mesh wallY1536 and west endX-1216 sampled densely; southern wallY1312/first Hull protrusionY1316.7 differ. South-west rays enter curved stair side surfaces; east cardinal passes arch to Xbox Wood_Panel atX-345.03. Cover rays excluded from wall interpretation; no joined full floor boundary.
PLAN_SECTION_LOWER_PASSAGE_001,LOWER_PASSAGE,LOWER_PASSAGE,33.75,-888.33,1524.61,-36.0,-2256.3582,3872.5094,-91.44,341.1253,concrete,confirmed repeated first-hit point,32 repeated directions atZ-36. Northern Mesh wallY1536 and west endX-1216 sampled densely; southern wallY1312/first Hull protrusionY1316.7 differ. South-west rays enter curved stair side surfaces; east cardinal passes arch to Xbox Wood_Panel atX-345.03. Cover rays excluded from wall interpretation; no joined full floor boundary.
PLAN_SECTION_LOWER_PASSAGE_001,LOWER_PASSAGE,LOWER_PASSAGE,45.0,-914.0,1536.0,-36.0,-2321.56,3901.44,-91.44,308.9208,concrete,confirmed repeated first-hit point,32 repeated directions atZ-36. Northern Mesh wallY1536 and west endX-1216 sampled densely; southern wallY1312/first Hull protrusionY1316.7 differ. South-west rays enter curved stair side surfaces; east cardinal passes arch to Xbox Wood_Panel atX-345.03. Cover rays excluded from wall interpretation; no joined full floor boundary.
PLAN_SECTION_LOWER_PASSAGE_001,LOWER_PASSAGE,LOWER_PASSAGE,56.25,-942.54,1536.0,-36.0,-2394.0516,3901.44,-91.44,262.7108,concrete,confirmed repeated first-hit point,32 repeated directions atZ-36. Northern Mesh wallY1536 and west endX-1216 sampled densely; southern wallY1312/first Hull protrusionY1316.7 differ. South-west rays enter curved stair side surfaces; east cardinal passes arch to Xbox Wood_Panel atX-345.03. Cover rays excluded from wall interpretation; no joined full floor boundary.
PLAN_SECTION_LOWER_PASSAGE_001,LOWER_PASSAGE,LOWER_PASSAGE,67.5,-964.38,1536.0,-36.0,-2449.5252,3901.44,-91.44,236.4355,concrete,confirmed repeated first-hit point,32 repeated directions atZ-36. Northern Mesh wallY1536 and west endX-1216 sampled densely; southern wallY1312/first Hull protrusionY1316.7 differ. South-west rays enter curved stair side surfaces; east cardinal passes arch to Xbox Wood_Panel atX-345.03. Cover rays excluded from wall interpretation; no joined full floor boundary.
PLAN_SECTION_LOWER_PASSAGE_001,LOWER_PASSAGE,LOWER_PASSAGE,78.75,-982.89,1536.0,-36.0,-2496.5406,3901.44,-91.44,222.7212,concrete,confirmed repeated first-hit point,32 repeated directions atZ-36. Northern Mesh wallY1536 and west endX-1216 sampled densely; southern wallY1312/first Hull protrusionY1316.7 differ. South-west rays enter curved stair side surfaces; east cardinal passes arch to Xbox Wood_Panel atX-345.03. Cover rays excluded from wall interpretation; no joined full floor boundary.
PLAN_SECTION_LOWER_PASSAGE_001,LOWER_PASSAGE,LOWER_PASSAGE,90.0,-1000.0,1536.0,-36.0,-2540.0,3901.44,-91.44,218.44,concrete,confirmed repeated first-hit point,32 repeated directions atZ-36. Northern Mesh wallY1536 and west endX-1216 sampled densely; southern wallY1312/first Hull protrusionY1316.7 differ. South-west rays enter curved stair side surfaces; east cardinal passes arch to Xbox Wood_Panel atX-345.03. Cover rays excluded from wall interpretation; no joined full floor boundary.
PLAN_SECTION_LOWER_PASSAGE_001,LOWER_PASSAGE,LOWER_PASSAGE,101.25,-1017.11,1536.0,-36.0,-2583.4594,3901.44,-91.44,222.7212,concrete,confirmed repeated first-hit point,32 repeated directions atZ-36. Northern Mesh wallY1536 and west endX-1216 sampled densely; southern wallY1312/first Hull protrusionY1316.7 differ. South-west rays enter curved stair side surfaces; east cardinal passes arch to Xbox Wood_Panel atX-345.03. Cover rays excluded from wall interpretation; no joined full floor boundary.
PLAN_SECTION_LOWER_PASSAGE_001,LOWER_PASSAGE,LOWER_PASSAGE,112.5,-1035.62,1536.0,-36.0,-2630.4748,3901.44,-91.44,236.4355,concrete,confirmed repeated first-hit point,32 repeated directions atZ-36. Northern Mesh wallY1536 and west endX-1216 sampled densely; southern wallY1312/first Hull protrusionY1316.7 differ. South-west rays enter curved stair side surfaces; east cardinal passes arch to Xbox Wood_Panel atX-345.03. Cover rays excluded from wall interpretation; no joined full floor boundary.
PLAN_SECTION_LOWER_PASSAGE_001,LOWER_PASSAGE,LOWER_PASSAGE,123.75,-1057.46,1536.0,-36.0,-2685.9484,3901.44,-91.44,262.7108,concrete,confirmed repeated first-hit point,32 repeated directions atZ-36. Northern Mesh wallY1536 and west endX-1216 sampled densely; southern wallY1312/first Hull protrusionY1316.7 differ. South-west rays enter curved stair side surfaces; east cardinal passes arch to Xbox Wood_Panel atX-345.03. Cover rays excluded from wall interpretation; no joined full floor boundary.
PLAN_SECTION_LOWER_PASSAGE_001,LOWER_PASSAGE,LOWER_PASSAGE,135.0,-1086.0,1536.0,-36.0,-2758.44,3901.44,-91.44,308.9208,concrete,confirmed repeated first-hit point,32 repeated directions atZ-36. Northern Mesh wallY1536 and west endX-1216 sampled densely; southern wallY1312/first Hull protrusionY1316.7 differ. South-west rays enter curved stair side surfaces; east cardinal passes arch to Xbox Wood_Panel atX-345.03. Cover rays excluded from wall interpretation; no joined full floor boundary.
PLAN_SECTION_LOWER_PASSAGE_001,LOWER_PASSAGE,LOWER_PASSAGE,146.25,-1128.71,1536.0,-36.0,-2866.9234,3901.44,-91.44,393.1856,concrete,confirmed repeated first-hit point,32 repeated directions atZ-36. Northern Mesh wallY1536 and west endX-1216 sampled densely; southern wallY1312/first Hull protrusionY1316.7 differ. South-west rays enter curved stair side surfaces; east cardinal passes arch to Xbox Wood_Panel atX-345.03. Cover rays excluded from wall interpretation; no joined full floor boundary.
PLAN_SECTION_LOWER_PASSAGE_001,LOWER_PASSAGE,LOWER_PASSAGE,157.5,-1192.95,1529.92,-36.0,-3030.093,3885.9968,-91.44,530.4704,concrete,confirmed repeated first-hit point,32 repeated directions atZ-36. Northern Mesh wallY1536 and west endX-1216 sampled densely; southern wallY1312/first Hull protrusionY1316.7 differ. South-west rays enter curved stair side surfaces; east cardinal passes arch to Xbox Wood_Panel atX-345.03. Cover rays excluded from wall interpretation; no joined full floor boundary.
PLAN_SECTION_LOWER_PASSAGE_001,LOWER_PASSAGE,LOWER_PASSAGE,168.75,-1216.0,1492.97,-36.0,-3088.64,3792.1438,-91.44,559.3909,concrete,confirmed repeated first-hit point,32 repeated directions atZ-36. Northern Mesh wallY1536 and west endX-1216 sampled densely; southern wallY1312/first Hull protrusionY1316.7 differ. South-west rays enter curved stair side surfaces; east cardinal passes arch to Xbox Wood_Panel atX-345.03. Cover rays excluded from wall interpretation; no joined full floor boundary.
PLAN_SECTION_LOWER_PASSAGE_001,LOWER_PASSAGE,LOWER_PASSAGE,180.0,-1216.0,1450.0,-36.0,-3088.64,3683.0,-91.44,548.64,concrete,confirmed repeated first-hit point,32 repeated directions atZ-36. Northern Mesh wallY1536 and west endX-1216 sampled densely; southern wallY1312/first Hull protrusionY1316.7 differ. South-west rays enter curved stair side surfaces; east cardinal passes arch to Xbox Wood_Panel atX-345.03. Cover rays excluded from wall interpretation; no joined full floor boundary.
PLAN_SECTION_LOWER_PASSAGE_001,LOWER_PASSAGE,LOWER_PASSAGE,191.25,-1216.0,1407.03,-36.0,-3088.64,3573.8562,-91.44,559.3909,concrete,confirmed repeated first-hit point,32 repeated directions atZ-36. Northern Mesh wallY1536 and west endX-1216 sampled densely; southern wallY1312/first Hull protrusionY1316.7 differ. South-west rays enter curved stair side surfaces; east cardinal passes arch to Xbox Wood_Panel atX-345.03. Cover rays excluded from wall interpretation; no joined full floor boundary.
PLAN_SECTION_LOWER_PASSAGE_001,LOWER_PASSAGE,LOWER_PASSAGE,202.5,-1216.0,1360.53,-36.0,-3088.64,3455.7462,-91.44,593.8435,concrete,confirmed repeated first-hit point,32 repeated directions atZ-36. Northern Mesh wallY1536 and west endX-1216 sampled densely; southern wallY1312/first Hull protrusionY1316.7 differ. South-west rays enter curved stair side surfaces; east cardinal passes arch to Xbox Wood_Panel atX-345.03. Cover rays excluded from wall interpretation; no joined full floor boundary.
PLAN_SECTION_LOWER_PASSAGE_001,LOWER_PASSAGE,LOWER_PASSAGE,213.75,-1192.96,1321.07,-36.0,-3030.1184,3355.5178,-91.44,589.4579,concrete,confirmed repeated first-hit point,32 repeated directions atZ-36. Northern Mesh wallY1536 and west endX-1216 sampled densely; southern wallY1312/first Hull protrusionY1316.7 differ. South-west rays enter curved stair side surfaces; east cardinal passes arch to Xbox Wood_Panel atX-345.03. Cover rays excluded from wall interpretation; no joined full floor boundary.
PLAN_SECTION_LOWER_PASSAGE_001,LOWER_PASSAGE,LOWER_PASSAGE,225.0,-1145.99,1304.01,-36.0,-2910.8146,3312.1854,-91.44,524.411,concrete,confirmed repeated first-hit point,32 repeated directions atZ-36. Northern Mesh wallY1536 and west endX-1216 sampled densely; southern wallY1312/first Hull protrusionY1316.7 differ. South-west rays enter curved stair side surfaces; east cardinal passes arch to Xbox Wood_Panel atX-345.03. Cover rays excluded from wall interpretation; no joined full floor boundary.
PLAN_SECTION_LOWER_PASSAGE_001,LOWER_PASSAGE,LOWER_PASSAGE,236.25,-1148.47,1227.8,-36.0,-2917.1138,3118.612,-91.44,678.7847,concrete,confirmed repeated first-hit point,32 repeated directions atZ-36. Northern Mesh wallY1536 and west endX-1216 sampled densely; southern wallY1312/first Hull protrusionY1316.7 differ. South-west rays enter curved stair side surfaces; east cardinal passes arch to Xbox Wood_Panel atX-345.03. Cover rays excluded from wall interpretation; no joined full floor boundary.
PLAN_SECTION_LOWER_PASSAGE_001,LOWER_PASSAGE,LOWER_PASSAGE,247.5,-1138.66,1115.25,-36.0,-2892.1964,2832.735,-91.44,920.3222,concrete,confirmed repeated first-hit point,32 repeated directions atZ-36. Northern Mesh wallY1536 and west endX-1216 sampled densely; southern wallY1312/first Hull protrusionY1316.7 differ. South-west rays enter curved stair side surfaces; east cardinal passes arch to Xbox Wood_Panel atX-345.03. Cover rays excluded from wall interpretation; no joined full floor boundary.
PLAN_SECTION_LOWER_PASSAGE_001,LOWER_PASSAGE,LOWER_PASSAGE,258.75,-1026.51,1316.73,-36.0,-2607.3354,3344.4942,-91.44,345.138,concrete,confirmed repeated first-hit point,32 repeated directions atZ-36. Northern Mesh wallY1536 and west endX-1216 sampled densely; southern wallY1312/first Hull protrusionY1316.7 differ. South-west rays enter curved stair side surfaces; east cardinal passes arch to Xbox Wood_Panel atX-345.03. Cover rays excluded from wall interpretation; no joined full floor boundary.
PLAN_SECTION_LOWER_PASSAGE_001,LOWER_PASSAGE,LOWER_PASSAGE,270.0,-1000.0,1316.7,-36.0,-2540.0,3344.418,-91.44,338.582,concrete,confirmed repeated first-hit point,32 repeated directions atZ-36. Northern Mesh wallY1536 and west endX-1216 sampled densely; southern wallY1312/first Hull protrusionY1316.7 differ. South-west rays enter curved stair side surfaces; east cardinal passes arch to Xbox Wood_Panel atX-345.03. Cover rays excluded from wall interpretation; no joined full floor boundary.
PLAN_SECTION_LOWER_PASSAGE_001,LOWER_PASSAGE,LOWER_PASSAGE,281.25,-972.55,1312.0,-36.0,-2470.277,3332.48,-91.44,357.3871,concrete,confirmed repeated first-hit point,32 repeated directions atZ-36. Northern Mesh wallY1536 and west endX-1216 sampled densely; southern wallY1312/first Hull protrusionY1316.7 differ. South-west rays enter curved stair side surfaces; east cardinal passes arch to Xbox Wood_Panel atX-345.03. Cover rays excluded from wall interpretation; no joined full floor boundary.
PLAN_SECTION_LOWER_PASSAGE_001,LOWER_PASSAGE,LOWER_PASSAGE,292.5,-942.84,1312.0,-36.0,-2394.8136,3332.48,-91.44,379.3987,concrete,confirmed repeated first-hit point,32 repeated directions atZ-36. Northern Mesh wallY1536 and west endX-1216 sampled densely; southern wallY1312/first Hull protrusionY1316.7 differ. South-west rays enter curved stair side surfaces; east cardinal passes arch to Xbox Wood_Panel atX-345.03. Cover rays excluded from wall interpretation; no joined full floor boundary.
PLAN_SECTION_LOWER_PASSAGE_001,LOWER_PASSAGE,LOWER_PASSAGE,303.75,-907.79,1312.0,-36.0,-2305.7866,3332.48,-91.44,421.5687,concrete,confirmed repeated first-hit point,32 repeated directions atZ-36. Northern Mesh wallY1536 and west endX-1216 sampled densely; southern wallY1312/first Hull protrusionY1316.7 differ. South-west rays enter curved stair side surfaces; east cardinal passes arch to Xbox Wood_Panel atX-345.03. Cover rays excluded from wall interpretation; no joined full floor boundary.
PLAN_SECTION_LOWER_PASSAGE_001,LOWER_PASSAGE,LOWER_PASSAGE,315.0,-870.63,1320.63,-36.0,-2211.4002,3354.4002,-91.44,464.7103,concrete,confirmed repeated first-hit point,32 repeated directions atZ-36. Northern Mesh wallY1536 and west endX-1216 sampled densely; southern wallY1312/first Hull protrusionY1316.7 differ. South-west rays enter curved stair side surfaces; east cardinal passes arch to Xbox Wood_Panel atX-345.03. Cover rays excluded from wall interpretation; no joined full floor boundary.
PLAN_SECTION_LOWER_PASSAGE_001,LOWER_PASSAGE,LOWER_PASSAGE,326.25,-855.23,1353.27,-36.0,-2172.2842,3437.3058,-91.44,442.2449,Wood_Panel,confirmed repeated first-hit point,32 repeated directions atZ-36. Northern Mesh wallY1536 and west endX-1216 sampled densely; southern wallY1312/first Hull protrusionY1316.7 differ. South-west rays enter curved stair side surfaces; east cardinal passes arch to Xbox Wood_Panel atX-345.03. Cover rays excluded from wall interpretation; no joined full floor boundary.
PLAN_SECTION_LOWER_PASSAGE_001,LOWER_PASSAGE,LOWER_PASSAGE,337.5,-843.42,1385.14,-36.0,-2142.2868,3518.2556,-91.44,430.484,Wood_Panel,confirmed repeated first-hit point,32 repeated directions atZ-36. Northern Mesh wallY1536 and west endX-1216 sampled densely; southern wallY1312/first Hull protrusionY1316.7 differ. South-west rays enter curved stair side surfaces; east cardinal passes arch to Xbox Wood_Panel atX-345.03. Cover rays excluded from wall interpretation; no joined full floor boundary.
PLAN_SECTION_LOWER_PASSAGE_001,LOWER_PASSAGE,LOWER_PASSAGE,348.75,-537.17,1357.94,-36.0,-1364.4118,3449.1676,-91.44,1198.618,concrete,confirmed repeated first-hit point,32 repeated directions atZ-36. Northern Mesh wallY1536 and west endX-1216 sampled densely; southern wallY1312/first Hull protrusionY1316.7 differ. South-west rays enter curved stair side surfaces; east cardinal passes arch to Xbox Wood_Panel atX-345.03. Cover rays excluded from wall interpretation; no joined full floor boundary.
PLAN_SECTION_A_SITE_001,A_SITE,A_SITE,0.0,1632.0,2750.0,184.0,4145.28,6985.0,467.36,1732.28,concrete,confirmed repeated first-hit point,"32 repeated directions atZ184. Northern local concrete returnY2784, eastern facade returns, western Wood_Panel cover and multiple open corridors visible in first-hit data. South/southwest rays reach UnderA/Short and southeast rays reach LongA. Glass/wood facade hits are retained. Ray-height section does not certify platform boundary or full site polygon."
PLAN_SECTION_A_SITE_001,A_SITE,A_SITE,11.25,1584.0,2876.11,184.0,4023.36,7305.3194,467.36,1641.9086,concrete,confirmed repeated first-hit point,"32 repeated directions atZ184. Northern local concrete returnY2784, eastern facade returns, western Wood_Panel cover and multiple open corridors visible in first-hit data. South/southwest rays reach UnderA/Short and southeast rays reach LongA. Glass/wood facade hits are retained. Ray-height section does not certify platform boundary or full site polygon."
PLAN_SECTION_A_SITE_001,A_SITE,A_SITE,22.5,1590.32,3015.23,184.0,4039.4128,7658.6842,467.36,1760.4173,Wood,confirmed repeated first-hit point,"32 repeated directions atZ184. Northern local concrete returnY2784, eastern facade returns, western Wood_Panel cover and multiple open corridors visible in first-hit data. South/southwest rays reach UnderA/Short and southeast rays reach LongA. Glass/wood facade hits are retained. Ray-height section does not certify platform boundary or full site polygon."
PLAN_SECTION_A_SITE_001,A_SITE,A_SITE,33.75,1000.88,2784.0,184.0,2542.2352,7071.36,467.36,155.4342,concrete,confirmed repeated first-hit point,"32 repeated directions atZ184. Northern local concrete returnY2784, eastern facade returns, western Wood_Panel cover and multiple open corridors visible in first-hit data. South/southwest rays reach UnderA/Short and southeast rays reach LongA. Glass/wood facade hits are retained. Ray-height section does not certify platform boundary or full site polygon."
PLAN_SECTION_A_SITE_001,A_SITE,A_SITE,45.0,984.0,2784.0,184.0,2499.36,7071.36,467.36,122.1315,concrete,confirmed repeated first-hit point,"32 repeated directions atZ184. Northern local concrete returnY2784, eastern facade returns, western Wood_Panel cover and multiple open corridors visible in first-hit data. South/southwest rays reach UnderA/Short and southeast rays reach LongA. Glass/wood facade hits are retained. Ray-height section does not certify platform boundary or full site polygon."
PLAN_SECTION_A_SITE_001,A_SITE,A_SITE,56.25,972.72,2784.0,184.0,2470.7088,7071.36,467.36,103.867,concrete,confirmed repeated first-hit point,"32 repeated directions atZ184. Northern local concrete returnY2784, eastern facade returns, western Wood_Panel cover and multiple open corridors visible in first-hit data. South/southwest rays reach UnderA/Short and southeast rays reach LongA. Glass/wood facade hits are retained. Ray-height section does not certify platform boundary or full site polygon."
PLAN_SECTION_A_SITE_001,A_SITE,A_SITE,67.5,964.08,2784.0,184.0,2448.7632,7071.36,467.36,93.4722,concrete,confirmed repeated first-hit point,"32 repeated directions atZ184. Northern local concrete returnY2784, eastern facade returns, western Wood_Panel cover and multiple open corridors visible in first-hit data. South/southwest rays reach UnderA/Short and southeast rays reach LongA. Glass/wood facade hits are retained. Ray-height section does not certify platform boundary or full site polygon."
PLAN_SECTION_A_SITE_001,A_SITE,A_SITE,78.75,956.76,2784.0,184.0,2430.1704,7071.36,467.36,88.0504,concrete,confirmed repeated first-hit point,"32 repeated directions atZ184. Northern local concrete returnY2784, eastern facade returns, western Wood_Panel cover and multiple open corridors visible in first-hit data. South/southwest rays reach UnderA/Short and southeast rays reach LongA. Glass/wood facade hits are retained. Ray-height section does not certify platform boundary or full site polygon."
PLAN_SECTION_A_SITE_001,A_SITE,A_SITE,90.0,950.0,2784.0,184.0,2413.0,7071.36,467.36,86.36,concrete,confirmed repeated first-hit point,"32 repeated directions atZ184. Northern local concrete returnY2784, eastern facade returns, western Wood_Panel cover and multiple open corridors visible in first-hit data. South/southwest rays reach UnderA/Short and southeast rays reach LongA. Glass/wood facade hits are retained. Ray-height section does not certify platform boundary or full site polygon."
PLAN_SECTION_A_SITE_001,A_SITE,A_SITE,101.25,943.24,2784.0,184.0,2395.8296,7071.36,467.36,88.0504,concrete,confirmed repeated first-hit point,"32 repeated directions atZ184. Northern local concrete returnY2784, eastern facade returns, western Wood_Panel cover and multiple open corridors visible in first-hit data. South/southwest rays reach UnderA/Short and southeast rays reach LongA. Glass/wood facade hits are retained. Ray-height section does not certify platform boundary or full site polygon."
PLAN_SECTION_A_SITE_001,A_SITE,A_SITE,112.5,935.92,2784.0,184.0,2377.2368,7071.36,467.36,93.4722,concrete,confirmed repeated first-hit point,"32 repeated directions atZ184. Northern local concrete returnY2784, eastern facade returns, western Wood_Panel cover and multiple open corridors visible in first-hit data. South/southwest rays reach UnderA/Short and southeast rays reach LongA. Glass/wood facade hits are retained. Ray-height section does not certify platform boundary or full site polygon."
PLAN_SECTION_A_SITE_001,A_SITE,A_SITE,123.75,927.28,2784.0,184.0,2355.2912,7071.36,467.36,103.867,concrete,confirmed repeated first-hit point,"32 repeated directions atZ184. Northern local concrete returnY2784, eastern facade returns, western Wood_Panel cover and multiple open corridors visible in first-hit data. South/southwest rays reach UnderA/Short and southeast rays reach LongA. Glass/wood facade hits are retained. Ray-height section does not certify platform boundary or full site polygon."
PLAN_SECTION_A_SITE_001,A_SITE,A_SITE,135.0,916.0,2784.0,184.0,2326.64,7071.36,467.36,122.1315,concrete,confirmed repeated first-hit point,"32 repeated directions atZ184. Northern local concrete returnY2784, eastern facade returns, western Wood_Panel cover and multiple open corridors visible in first-hit data. South/southwest rays reach UnderA/Short and southeast rays reach LongA. Glass/wood facade hits are retained. Ray-height section does not certify platform boundary or full site polygon."
PLAN_SECTION_A_SITE_001,A_SITE,A_SITE,146.25,899.12,2784.0,184.0,2283.7648,7071.36,467.36,155.4342,concrete,confirmed repeated first-hit point,"32 repeated directions atZ184. Northern local concrete returnY2784, eastern facade returns, western Wood_Panel cover and multiple open corridors visible in first-hit data. South/southwest rays reach UnderA/Short and southeast rays reach LongA. Glass/wood facade hits are retained. Ray-height section does not certify platform boundary or full site polygon."
PLAN_SECTION_A_SITE_001,A_SITE,A_SITE,157.5,867.92,2784.0,184.0,2204.5168,7071.36,467.36,225.6619,concrete,confirmed repeated first-hit point,"32 repeated directions atZ184. Northern local concrete returnY2784, eastern facade returns, western Wood_Panel cover and multiple open corridors visible in first-hit data. South/southwest rays reach UnderA/Short and southeast rays reach LongA. Glass/wood facade hits are retained. Ray-height section does not certify platform boundary or full site polygon."
PLAN_SECTION_A_SITE_001,A_SITE,A_SITE,168.75,779.07,2784.0,184.0,1978.8378,7071.36,467.36,442.6679,concrete,confirmed repeated first-hit point,"32 repeated directions atZ184. Northern local concrete returnY2784, eastern facade returns, western Wood_Panel cover and multiple open corridors visible in first-hit data. South/southwest rays reach UnderA/Short and southeast rays reach LongA. Glass/wood facade hits are retained. Ray-height section does not certify platform boundary or full site polygon."
PLAN_SECTION_A_SITE_001,A_SITE,A_SITE,180.0,694.34,2750.0,184.0,1763.6236,6985.0,467.36,649.3764,Wood_Panel,confirmed repeated first-hit point,"32 repeated directions atZ184. Northern local concrete returnY2784, eastern facade returns, western Wood_Panel cover and multiple open corridors visible in first-hit data. South/southwest rays reach UnderA/Short and southeast rays reach LongA. Glass/wood facade hits are retained. Ray-height section does not certify platform boundary or full site polygon."
PLAN_SECTION_A_SITE_001,A_SITE,A_SITE,191.25,287.29,2618.18,184.0,729.7166,6650.1772,467.36,1716.2603,concrete,confirmed repeated first-hit point,"32 repeated directions atZ184. Northern local concrete returnY2784, eastern facade returns, western Wood_Panel cover and multiple open corridors visible in first-hit data. South/southwest rays reach UnderA/Short and southeast rays reach LongA. Glass/wood facade hits are retained. Ray-height section does not certify platform boundary or full site polygon."
PLAN_SECTION_A_SITE_001,A_SITE,A_SITE,202.5,256.0,2462.54,184.0,650.24,6254.8516,467.36,1907.9936,concrete,confirmed repeated first-hit point,"32 repeated directions atZ184. Northern local concrete returnY2784, eastern facade returns, western Wood_Panel cover and multiple open corridors visible in first-hit data. South/southwest rays reach UnderA/Short and southeast rays reach LongA. Glass/wood facade hits are retained. Ray-height section does not certify platform boundary or full site polygon."
PLAN_SECTION_A_SITE_001,A_SITE,A_SITE,213.75,256.0,2286.28,184.0,650.24,5807.1512,467.36,2120.0591,concrete,confirmed repeated first-hit point,"32 repeated directions atZ184. Northern local concrete returnY2784, eastern facade returns, western Wood_Panel cover and multiple open corridors visible in first-hit data. South/southwest rays reach UnderA/Short and southeast rays reach LongA. Glass/wood facade hits are retained. Ray-height section does not certify platform boundary or full site polygon."
PLAN_SECTION_A_SITE_001,A_SITE,A_SITE,225.0,288.01,2088.01,184.0,731.5454,5303.5454,467.36,2377.9359,concrete,confirmed repeated first-hit point,"32 repeated directions atZ184. Northern local concrete returnY2784, eastern facade returns, western Wood_Panel cover and multiple open corridors visible in first-hit data. South/southwest rays reach UnderA/Short and southeast rays reach LongA. Glass/wood facade hits are retained. Ray-height section does not certify platform boundary or full site polygon."
PLAN_SECTION_A_SITE_001,A_SITE,A_SITE,236.25,253.89,1708.2,184.0,644.8806,4338.828,467.36,3182.5261,concrete,confirmed repeated first-hit point,"32 repeated directions atZ184. Northern local concrete returnY2784, eastern facade returns, western Wood_Panel cover and multiple open corridors visible in first-hit data. South/southwest rays reach UnderA/Short and southeast rays reach LongA. Glass/wood facade hits are retained. Ray-height section does not certify platform boundary or full site polygon."
PLAN_SECTION_A_SITE_001,A_SITE,A_SITE,247.5,659.17,2047.87,184.0,1674.2918,5201.5898,467.36,1930.3476,concrete,confirmed repeated first-hit point,"32 repeated directions atZ184. Northern local concrete returnY2784, eastern facade returns, western Wood_Panel cover and multiple open corridors visible in first-hit data. South/southwest rays reach UnderA/Short and southeast rays reach LongA. Glass/wood facade hits are retained. Ray-height section does not certify platform boundary or full site polygon."
PLAN_SECTION_A_SITE_001,A_SITE,A_SITE,258.75,810.35,2047.91,184.0,2058.289,5201.6914,467.36,1818.2435,concrete,confirmed repeated first-hit point,"32 repeated directions atZ184. Northern local concrete returnY2784, eastern facade returns, western Wood_Panel cover and multiple open corridors visible in first-hit data. South/southwest rays reach UnderA/Short and southeast rays reach LongA. Glass/wood facade hits are retained. Ray-height section does not certify platform boundary or full site polygon."
PLAN_SECTION_A_SITE_001,A_SITE,A_SITE,270.0,950.0,2016.0,184.0,2413.0,5120.64,467.36,1864.36,concrete,confirmed repeated first-hit point,"32 repeated directions atZ184. Northern local concrete returnY2784, eastern facade returns, western Wood_Panel cover and multiple open corridors visible in first-hit data. South/southwest rays reach UnderA/Short and southeast rays reach LongA. Glass/wood facade hits are retained. Ray-height section does not certify platform boundary or full site polygon."
PLAN_SECTION_A_SITE_001,A_SITE,A_SITE,281.25,1096.0,2016.0,184.0,2783.84,5120.64,467.36,1900.8841,concrete,confirmed repeated first-hit point,"32 repeated directions atZ184. Northern local concrete returnY2784, eastern facade returns, western Wood_Panel cover and multiple open corridors visible in first-hit data. South/southwest rays reach UnderA/Short and southeast rays reach LongA. Glass/wood facade hits are retained. Ray-height section does not certify platform boundary or full site polygon."
PLAN_SECTION_A_SITE_001,A_SITE,A_SITE,292.5,1600.0,1180.76,184.0,4064.0,2999.1304,467.36,4314.2737,concrete,confirmed repeated first-hit point,"32 repeated directions atZ184. Northern local concrete returnY2784, eastern facade returns, western Wood_Panel cover and multiple open corridors visible in first-hit data. South/southwest rays reach UnderA/Short and southeast rays reach LongA. Glass/wood facade hits are retained. Ray-height section does not certify platform boundary or full site polygon."
PLAN_SECTION_A_SITE_001,A_SITE,A_SITE,303.75,1641.53,1715.06,184.0,4169.4862,4356.2524,467.36,3161.5752,concrete,confirmed repeated first-hit point,"32 repeated directions atZ184. Northern local concrete returnY2784, eastern facade returns, western Wood_Panel cover and multiple open corridors visible in first-hit data. South/southwest rays reach UnderA/Short and southeast rays reach LongA. Glass/wood facade hits are retained. Ray-height section does not certify platform boundary or full site polygon."
PLAN_SECTION_A_SITE_001,A_SITE,A_SITE,315.0,1860.0,1840.0,184.0,4724.4,4673.6,467.36,3268.8132,concrete,confirmed repeated first-hit point,"32 repeated directions atZ184. Northern local concrete returnY2784, eastern facade returns, western Wood_Panel cover and multiple open corridors visible in first-hit data. South/southwest rays reach UnderA/Short and southeast rays reach LongA. Glass/wood facade hits are retained. Ray-height section does not certify platform boundary or full site polygon."
PLAN_SECTION_A_SITE_001,A_SITE,A_SITE,326.25,1632.0,2294.3,184.0,4145.28,5827.522,467.36,2083.3985,concrete,confirmed repeated first-hit point,"32 repeated directions atZ184. Northern local concrete returnY2784, eastern facade returns, western Wood_Panel cover and multiple open corridors visible in first-hit data. South/southwest rays reach UnderA/Short and southeast rays reach LongA. Glass/wood facade hits are retained. Ray-height section does not certify platform boundary or full site polygon."
PLAN_SECTION_A_SITE_001,A_SITE,A_SITE,337.5,1629.97,2468.35,184.0,4140.1238,6269.609,467.36,1869.4226,concrete,confirmed repeated first-hit point,"32 repeated directions atZ184. Northern local concrete returnY2784, eastern facade returns, western Wood_Panel cover and multiple open corridors visible in first-hit data. South/southwest rays reach UnderA/Short and southeast rays reach LongA. Glass/wood facade hits are retained. Ray-height section does not certify platform boundary or full site polygon."
PLAN_SECTION_A_SITE_001,A_SITE,A_SITE,348.75,1638.69,2613.01,184.0,4162.2726,6637.0454,467.36,1783.5434,glass,confirmed repeated first-hit point,"32 repeated directions atZ184. Northern local concrete returnY2784, eastern facade returns, western Wood_Panel cover and multiple open corridors visible in first-hit data. South/southwest rays reach UnderA/Short and southeast rays reach LongA. Glass/wood facade hits are retained. Ray-height section does not certify platform boundary or full site polygon."
PLAN_SECTION_TOP_MID_001,TOP_MID,TOP_MID,0.0,468.26,300.0,74.0,1189.3804,762.0,187.96,2332.3804,concrete,confirmed repeated first-hit point,"32 repeated directions atZ74. East/north cardinal rays cross adjoining areas; north ends on Mid timber door atY1595.88, south enters Suicide towardY-615.49. Concrete building returns, metal storefront shutters and Wood_Panel cover remain separately identified by native surface. No four-hit rectangle or single courtyard footprint inferred."
PLAN_SECTION_TOP_MID_001,TOP_MID,TOP_MID,11.25,452.6,479.54,74.0,1149.604,1218.0316,187.96,2337.5196,concrete,confirmed repeated first-hit point,"32 repeated directions atZ74. East/north cardinal rays cross adjoining areas; north ends on Mid timber door atY1595.88, south enters Suicide towardY-615.49. Concrete building returns, metal storefront shutters and Wood_Panel cover remain separately identified by native surface. No four-hit rectangle or single courtyard footprint inferred."
PLAN_SECTION_TOP_MID_001,TOP_MID,TOP_MID,22.5,-15.43,480.01,74.0,-39.1922,1219.2254,187.96,1194.758,concrete,confirmed repeated first-hit point,"32 repeated directions atZ74. East/north cardinal rays cross adjoining areas; north ends on Mid timber door atY1595.88, south enters Suicide towardY-615.49. Concrete building returns, metal storefront shutters and Wood_Panel cover remain separately identified by native surface. No four-hit rectangle or single courtyard footprint inferred."
PLAN_SECTION_TOP_MID_001,TOP_MID,TOP_MID,33.75,-110.71,526.71,74.0,-281.2034,1337.8434,187.96,1036.4791,concrete,confirmed repeated first-hit point,"32 repeated directions atZ74. East/north cardinal rays cross adjoining areas; north ends on Mid timber door atY1595.88, south enters Suicide towardY-615.49. Concrete building returns, metal storefront shutters and Wood_Panel cover remain separately identified by native surface. No four-hit rectangle or single courtyard footprint inferred."
PLAN_SECTION_TOP_MID_001,TOP_MID,TOP_MID,45.0,-128.0,622.0,74.0,-325.12,1579.88,187.96,1156.657,concrete,confirmed repeated first-hit point,"32 repeated directions atZ74. East/north cardinal rays cross adjoining areas; north ends on Mid timber door atY1595.88, south enters Suicide towardY-615.49. Concrete building returns, metal storefront shutters and Wood_Panel cover remain separately identified by native surface. No four-hit rectangle or single courtyard footprint inferred."
PLAN_SECTION_TOP_MID_001,TOP_MID,TOP_MID,56.25,-128.0,781.91,74.0,-325.12,1986.0514,187.96,1472.1513,concrete,confirmed repeated first-hit point,"32 repeated directions atZ74. East/north cardinal rays cross adjoining areas; north ends on Mid timber door atY1595.88, south enters Suicide towardY-615.49. Concrete building returns, metal storefront shutters and Wood_Panel cover remain separately identified by native surface. No four-hit rectangle or single courtyard footprint inferred."
PLAN_SECTION_TOP_MID_001,TOP_MID,TOP_MID,67.5,-128.0,1077.38,74.0,-325.12,2736.5452,187.96,2137.231,concrete,confirmed repeated first-hit point,"32 repeated directions atZ74. East/north cardinal rays cross adjoining areas; north ends on Mid timber door atY1595.88, south enters Suicide towardY-615.49. Concrete building returns, metal storefront shutters and Wood_Panel cover remain separately identified by native surface. No four-hit rectangle or single courtyard footprint inferred."
PLAN_SECTION_TOP_MID_001,TOP_MID,TOP_MID,78.75,-204.12,1536.11,74.0,-518.4648,3901.7194,187.96,3201.2313,concrete,confirmed repeated first-hit point,"32 repeated directions atZ74. East/north cardinal rays cross adjoining areas; north ends on Mid timber door atY1595.88, south enters Suicide towardY-615.49. Concrete building returns, metal storefront shutters and Wood_Panel cover remain separately identified by native surface. No four-hit rectangle or single courtyard footprint inferred."
PLAN_SECTION_TOP_MID_001,TOP_MID,TOP_MID,90.0,-450.0,1595.88,74.0,-1143.0,4053.5352,187.96,3291.5352,Wood_Dense,confirmed repeated first-hit point,"32 repeated directions atZ74. East/north cardinal rays cross adjoining areas; north ends on Mid timber door atY1595.88, south enters Suicide towardY-615.49. Concrete building returns, metal storefront shutters and Wood_Panel cover remain separately identified by native surface. No four-hit rectangle or single courtyard footprint inferred."
PLAN_SECTION_TOP_MID_001,TOP_MID,TOP_MID,101.25,-533.54,720.0,74.0,-1355.1916,1828.8,187.96,1087.6983,concrete,confirmed repeated first-hit point,"32 repeated directions atZ74. East/north cardinal rays cross adjoining areas; north ends on Mid timber door atY1595.88, south enters Suicide towardY-615.49. Concrete building returns, metal storefront shutters and Wood_Panel cover remain separately identified by native surface. No four-hit rectangle or single courtyard footprint inferred."
PLAN_SECTION_TOP_MID_001,TOP_MID,TOP_MID,112.5,-593.3,645.95,74.0,-1506.982,1640.713,187.96,951.1148,Wood_Panel,confirmed repeated first-hit point,"32 repeated directions atZ74. East/north cardinal rays cross adjoining areas; north ends on Mid timber door atY1595.88, south enters Suicide towardY-615.49. Concrete building returns, metal storefront shutters and Wood_Panel cover remain separately identified by native surface. No four-hit rectangle or single courtyard footprint inferred."
PLAN_SECTION_TOP_MID_001,TOP_MID,TOP_MID,123.75,-651.0,600.82,74.0,-1653.54,1526.0828,187.96,918.9525,metalpanel,confirmed repeated first-hit point,"32 repeated directions atZ74. East/north cardinal rays cross adjoining areas; north ends on Mid timber door atY1595.88, south enters Suicide towardY-615.49. Concrete building returns, metal storefront shutters and Wood_Panel cover remain separately identified by native surface. No four-hit rectangle or single courtyard footprint inferred."
PLAN_SECTION_TOP_MID_001,TOP_MID,TOP_MID,135.0,-662.0,512.0,74.0,-1681.48,1300.48,187.96,761.5257,concrete,confirmed repeated first-hit point,"32 repeated directions atZ74. East/north cardinal rays cross adjoining areas; north ends on Mid timber door atY1595.88, south enters Suicide towardY-615.49. Concrete building returns, metal storefront shutters and Wood_Panel cover remain separately identified by native surface. No four-hit rectangle or single courtyard footprint inferred."
PLAN_SECTION_TOP_MID_001,TOP_MID,TOP_MID,146.25,-749.55,500.15,74.0,-1903.857,1270.381,187.96,915.0708,concrete,confirmed repeated first-hit point,"32 repeated directions atZ74. East/north cardinal rays cross adjoining areas; north ends on Mid timber door atY1595.88, south enters Suicide towardY-615.49. Concrete building returns, metal storefront shutters and Wood_Panel cover remain separately identified by native surface. No four-hit rectangle or single courtyard footprint inferred."
PLAN_SECTION_TOP_MID_001,TOP_MID,TOP_MID,157.5,-730.38,416.14,74.0,-1855.1652,1056.9956,187.96,770.8448,concrete,confirmed repeated first-hit point,"32 repeated directions atZ74. East/north cardinal rays cross adjoining areas; north ends on Mid timber door atY1595.88, south enters Suicide towardY-615.49. Concrete building returns, metal storefront shutters and Wood_Panel cover remain separately identified by native surface. No four-hit rectangle or single courtyard footprint inferred."
PLAN_SECTION_TOP_MID_001,TOP_MID,TOP_MID,168.75,-731.94,356.08,74.0,-1859.1276,904.4432,187.96,730.1567,metalpanel,confirmed repeated first-hit point,"32 repeated directions atZ74. East/north cardinal rays cross adjoining areas; north ends on Mid timber door atY1595.88, south enters Suicide towardY-615.49. Concrete building returns, metal storefront shutters and Wood_Panel cover remain separately identified by native surface. No four-hit rectangle or single courtyard footprint inferred."
PLAN_SECTION_TOP_MID_001,TOP_MID,TOP_MID,180.0,-721.04,300.0,74.0,-1831.4416,762.0,187.96,688.4416,metalpanel,confirmed repeated first-hit point,"32 repeated directions atZ74. East/north cardinal rays cross adjoining areas; north ends on Mid timber door atY1595.88, south enters Suicide towardY-615.49. Concrete building returns, metal storefront shutters and Wood_Panel cover remain separately identified by native surface. No four-hit rectangle or single courtyard footprint inferred."
PLAN_SECTION_TOP_MID_001,TOP_MID,TOP_MID,191.25,-698.86,250.5,74.0,-1775.1044,636.27,187.96,644.4874,metal,confirmed repeated first-hit point,"32 repeated directions atZ74. East/north cardinal rays cross adjoining areas; north ends on Mid timber door atY1595.88, south enters Suicide towardY-615.49. Concrete building returns, metal storefront shutters and Wood_Panel cover remain separately identified by native surface. No four-hit rectangle or single courtyard footprint inferred."
PLAN_SECTION_TOP_MID_001,TOP_MID,TOP_MID,202.5,-689.74,200.7,74.0,-1751.9396,509.778,187.96,659.108,concrete,confirmed repeated first-hit point,"32 repeated directions atZ74. East/north cardinal rays cross adjoining areas; north ends on Mid timber door atY1595.88, south enters Suicide towardY-615.49. Concrete building returns, metal storefront shutters and Wood_Panel cover remain separately identified by native surface. No four-hit rectangle or single courtyard footprint inferred."
PLAN_SECTION_TOP_MID_001,TOP_MID,TOP_MID,213.75,-611.63,192.0,74.0,-1553.5402,487.68,187.96,493.7557,concrete,confirmed repeated first-hit point,"32 repeated directions atZ74. East/north cardinal rays cross adjoining areas; north ends on Mid timber door atY1595.88, south enters Suicide towardY-615.49. Concrete building returns, metal storefront shutters and Wood_Panel cover remain separately identified by native surface. No four-hit rectangle or single courtyard footprint inferred."
PLAN_SECTION_TOP_MID_001,TOP_MID,TOP_MID,225.0,-558.0,192.0,74.0,-1417.32,487.68,187.96,387.9471,concrete,confirmed repeated first-hit point,"32 repeated directions atZ74. East/north cardinal rays cross adjoining areas; north ends on Mid timber door atY1595.88, south enters Suicide towardY-615.49. Concrete building returns, metal storefront shutters and Wood_Panel cover remain separately identified by native surface. No four-hit rectangle or single courtyard footprint inferred."
PLAN_SECTION_TOP_MID_001,TOP_MID,TOP_MID,236.25,-522.1,192.09,74.0,-1326.134,487.9086,187.96,329.6425,concrete,confirmed repeated first-hit point,"32 repeated directions atZ74. East/north cardinal rays cross adjoining areas; north ends on Mid timber door atY1595.88, south enters Suicide towardY-615.49. Concrete building returns, metal storefront shutters and Wood_Panel cover remain separately identified by native surface. No four-hit rectangle or single courtyard footprint inferred."
PLAN_SECTION_TOP_MID_001,TOP_MID,TOP_MID,247.5,-511.78,150.85,74.0,-1299.9212,383.159,187.96,410.0546,concrete,confirmed repeated first-hit point,"32 repeated directions atZ74. East/north cardinal rays cross adjoining areas; north ends on Mid timber door atY1595.88, south enters Suicide towardY-615.49. Concrete building returns, metal storefront shutters and Wood_Panel cover remain separately identified by native surface. No four-hit rectangle or single courtyard footprint inferred."
PLAN_SECTION_TOP_MID_001,TOP_MID,TOP_MID,258.75,-512.0,-11.7,74.0,-1300.48,-29.718,187.96,807.2282,concrete,confirmed repeated first-hit point,"32 repeated directions atZ74. East/north cardinal rays cross adjoining areas; north ends on Mid timber door atY1595.88, south enters Suicide towardY-615.49. Concrete building returns, metal storefront shutters and Wood_Panel cover remain separately identified by native surface. No four-hit rectangle or single courtyard footprint inferred."
PLAN_SECTION_TOP_MID_001,TOP_MID,TOP_MID,270.0,-450.0,-615.49,74.0,-1143.0,-1563.3446,187.96,2325.3446,concrete,confirmed repeated first-hit point,"32 repeated directions atZ74. East/north cardinal rays cross adjoining areas; north ends on Mid timber door atY1595.88, south enters Suicide towardY-615.49. Concrete building returns, metal storefront shutters and Wood_Panel cover remain separately identified by native surface. No four-hit rectangle or single courtyard footprint inferred."
PLAN_SECTION_TOP_MID_001,TOP_MID,TOP_MID,281.25,-384.01,-31.77,74.0,-975.3854,-80.6958,187.96,859.2036,concrete,confirmed repeated first-hit point,"32 repeated directions atZ74. East/north cardinal rays cross adjoining areas; north ends on Mid timber door atY1595.88, south enters Suicide towardY-615.49. Concrete building returns, metal storefront shutters and Wood_Panel cover remain separately identified by native surface. No four-hit rectangle or single courtyard footprint inferred."
PLAN_SECTION_TOP_MID_001,TOP_MID,TOP_MID,292.5,-384.0,140.67,74.0,-975.36,357.3018,187.96,438.0454,concrete,confirmed repeated first-hit point,"32 repeated directions atZ74. East/north cardinal rays cross adjoining areas; north ends on Mid timber door atY1595.88, south enters Suicide towardY-615.49. Concrete building returns, metal storefront shutters and Wood_Panel cover remain separately identified by native surface. No four-hit rectangle or single courtyard footprint inferred."
PLAN_SECTION_TOP_MID_001,TOP_MID,TOP_MID,303.75,-383.44,200.38,74.0,-973.9376,508.9652,187.96,304.3168,concrete,confirmed repeated first-hit point,"32 repeated directions atZ74. East/north cardinal rays cross adjoining areas; north ends on Mid timber door atY1595.88, south enters Suicide towardY-615.49. Concrete building returns, metal storefront shutters and Wood_Panel cover remain separately identified by native surface. No four-hit rectangle or single courtyard footprint inferred."
PLAN_SECTION_TOP_MID_001,TOP_MID,TOP_MID,315.0,-378.62,228.62,74.0,-961.6948,580.6948,187.96,256.4043,concrete,confirmed repeated first-hit point,"32 repeated directions atZ74. East/north cardinal rays cross adjoining areas; north ends on Mid timber door atY1595.88, south enters Suicide towardY-615.49. Concrete building returns, metal storefront shutters and Wood_Panel cover remain separately identified by native surface. No four-hit rectangle or single courtyard footprint inferred."
PLAN_SECTION_TOP_MID_001,TOP_MID,TOP_MID,326.25,-364.46,242.84,74.0,-925.7284,616.8136,187.96,261.316,concrete,confirmed repeated first-hit point,"32 repeated directions atZ74. East/north cardinal rays cross adjoining areas; north ends on Mid timber door atY1595.88, south enters Suicide towardY-615.49. Concrete building returns, metal storefront shutters and Wood_Panel cover remain separately identified by native surface. No four-hit rectangle or single courtyard footprint inferred."
PLAN_SECTION_TOP_MID_001,TOP_MID,TOP_MID,337.5,-348.74,258.06,74.0,-885.7996,655.4724,187.96,278.3885,concrete,confirmed repeated first-hit point,"32 repeated directions atZ74. East/north cardinal rays cross adjoining areas; north ends on Mid timber door atY1595.88, south enters Suicide towardY-615.49. Concrete building returns, metal storefront shutters and Wood_Panel cover remain separately identified by native surface. No four-hit rectangle or single courtyard footprint inferred."
PLAN_SECTION_TOP_MID_001,TOP_MID,TOP_MID,348.75,-329.87,276.1,74.0,-837.8698,701.294,187.96,311.1104,concrete,confirmed repeated first-hit point,"32 repeated directions atZ74. East/north cardinal rays cross adjoining areas; north ends on Mid timber door atY1595.88, south enters Suicide towardY-615.49. Concrete building returns, metal storefront shutters and Wood_Panel cover remain separately identified by native surface. No four-hit rectangle or single courtyard footprint inferred."
PLAN_SECTION_OUTSIDE_LONG_001,OUTSIDE_LONG,OUTSIDE_LONG,0.0,767.17,0.0,74.0,1948.6118,0.0,187.96,1186.6118,concrete,confirmed repeated first-hit point,"32 repeated directions atZ74. Eastern masonry and west storefront shutters/wood cover differ; north rays include building/door facade and further chamber walls, south rays pass spawn approach to remoteY-1183..-1193. Native surface/shape/face preserved. No whole courtyard rectangle or cover body acceptance."
PLAN_SECTION_OUTSIDE_LONG_001,OUTSIDE_LONG,OUTSIDE_LONG,11.25,767.48,92.99,74.0,1949.3992,236.1946,187.96,1210.6629,concrete,confirmed repeated first-hit point,"32 repeated directions atZ74. Eastern masonry and west storefront shutters/wood cover differ; north rays include building/door facade and further chamber walls, south rays pass spawn approach to remoteY-1183..-1193. Native surface/shape/face preserved. No whole courtyard rectangle or cover body acceptance."
PLAN_SECTION_OUTSIDE_LONG_001,OUTSIDE_LONG,OUTSIDE_LONG,22.5,766.09,193.06,74.0,1945.8686,490.3724,187.96,1281.4094,concrete,confirmed repeated first-hit point,"32 repeated directions atZ74. Eastern masonry and west storefront shutters/wood cover differ; north rays include building/door facade and further chamber walls, south rays pass spawn approach to remoteY-1183..-1193. Native surface/shape/face preserved. No whole courtyard rectangle or cover body acceptance."
PLAN_SECTION_OUTSIDE_LONG_001,OUTSIDE_LONG,OUTSIDE_LONG,33.75,717.07,278.68,74.0,1821.3578,707.8472,187.96,1274.0827,concrete,confirmed repeated first-hit point,"32 repeated directions atZ74. Eastern masonry and west storefront shutters/wood cover differ; north rays include building/door facade and further chamber walls, south rays pass spawn approach to remoteY-1183..-1193. Native surface/shape/face preserved. No whole courtyard rectangle or cover body acceptance."
PLAN_SECTION_OUTSIDE_LONG_001,OUTSIDE_LONG,OUTSIDE_LONG,45.0,768.0,468.0,74.0,1950.72,1188.72,187.96,1681.1039,concrete,confirmed repeated first-hit point,"32 repeated directions atZ74. Eastern masonry and west storefront shutters/wood cover differ; north rays include building/door facade and further chamber walls, south rays pass spawn approach to remoteY-1183..-1193. Native surface/shape/face preserved. No whole courtyard rectangle or cover body acceptance."
PLAN_SECTION_OUTSIDE_LONG_001,OUTSIDE_LONG,OUTSIDE_LONG,56.25,471.04,255.98,74.0,1196.4416,650.1892,187.96,781.9754,concrete,confirmed repeated first-hit point,"32 repeated directions atZ74. Eastern masonry and west storefront shutters/wood cover differ; north rays include building/door facade and further chamber walls, south rays pass spawn approach to remoteY-1183..-1193. Native surface/shape/face preserved. No whole courtyard rectangle or cover body acceptance."
PLAN_SECTION_OUTSIDE_LONG_001,OUTSIDE_LONG,OUTSIDE_LONG,67.5,479.62,433.64,74.0,1218.2348,1101.4456,187.96,1192.1965,concrete,confirmed repeated first-hit point,"32 repeated directions atZ74. Eastern masonry and west storefront shutters/wood cover differ; north rays include building/door facade and further chamber walls, south rays pass spawn approach to remoteY-1183..-1193. Native surface/shape/face preserved. No whole courtyard rectangle or cover body acceptance."
PLAN_SECTION_OUTSIDE_LONG_001,OUTSIDE_LONG,OUTSIDE_LONG,78.75,394.83,476.76,74.0,1002.8682,1210.9704,187.96,1234.693,Wood,confirmed repeated first-hit point,"32 repeated directions atZ74. Eastern masonry and west storefront shutters/wood cover differ; north rays include building/door facade and further chamber walls, south rays pass spawn approach to remoteY-1183..-1193. Native surface/shape/face preserved. No whole courtyard rectangle or cover body acceptance."
PLAN_SECTION_OUTSIDE_LONG_001,OUTSIDE_LONG,OUTSIDE_LONG,90.0,300.0,476.76,74.0,762.0,1210.9704,187.96,1210.9704,Wood,confirmed repeated first-hit point,"32 repeated directions atZ74. Eastern masonry and west storefront shutters/wood cover differ; north rays include building/door facade and further chamber walls, south rays pass spawn approach to remoteY-1183..-1193. Native surface/shape/face preserved. No whole courtyard rectangle or cover body acceptance."
PLAN_SECTION_OUTSIDE_LONG_001,OUTSIDE_LONG,OUTSIDE_LONG,101.25,204.52,480.0,74.0,519.4808,1219.2,187.96,1243.0866,concrete,confirmed repeated first-hit point,"32 repeated directions atZ74. Eastern masonry and west storefront shutters/wood cover differ; north rays include building/door facade and further chamber walls, south rays pass spawn approach to remoteY-1183..-1193. Native surface/shape/face preserved. No whole courtyard rectangle or cover body acceptance."
PLAN_SECTION_OUTSIDE_LONG_001,OUTSIDE_LONG,OUTSIDE_LONG,112.5,98.59,486.24,74.0,250.4186,1235.0496,187.96,1336.8108,solidmetal,confirmed repeated first-hit point,"32 repeated directions atZ74. Eastern masonry and west storefront shutters/wood cover differ; north rays include building/door facade and further chamber walls, south rays pass spawn approach to remoteY-1183..-1193. Native surface/shape/face preserved. No whole courtyard rectangle or cover body acceptance."
PLAN_SECTION_OUTSIDE_LONG_001,OUTSIDE_LONG,OUTSIDE_LONG,123.75,-20.83,480.15,74.0,-52.9082,1219.581,187.96,1466.7833,concrete,confirmed repeated first-hit point,"32 repeated directions atZ74. Eastern masonry and west storefront shutters/wood cover differ; north rays include building/door facade and further chamber walls, south rays pass spawn approach to remoteY-1183..-1193. Native surface/shape/face preserved. No whole courtyard rectangle or cover body acceptance."
PLAN_SECTION_OUTSIDE_LONG_001,OUTSIDE_LONG,OUTSIDE_LONG,135.0,128.0,172.0,74.0,325.12,436.88,187.96,617.8416,concrete,confirmed repeated first-hit point,"32 repeated directions atZ74. Eastern masonry and west storefront shutters/wood cover differ; north rays include building/door facade and further chamber walls, south rays pass spawn approach to remoteY-1183..-1193. Native surface/shape/face preserved. No whole courtyard rectangle or cover body acceptance."
PLAN_SECTION_OUTSIDE_LONG_001,OUTSIDE_LONG,OUTSIDE_LONG,146.25,117.0,122.28,74.0,297.18,310.5912,187.96,559.0389,metalpanel,confirmed repeated first-hit point,"32 repeated directions atZ74. Eastern masonry and west storefront shutters/wood cover differ; north rays include building/door facade and further chamber walls, south rays pass spawn approach to remoteY-1183..-1193. Native surface/shape/face preserved. No whole courtyard rectangle or cover body acceptance."
PLAN_SECTION_OUTSIDE_LONG_001,OUTSIDE_LONG,OUTSIDE_LONG,157.5,117.0,75.8,74.0,297.18,192.532,187.96,503.1165,metalpanel,confirmed repeated first-hit point,"32 repeated directions atZ74. Eastern masonry and west storefront shutters/wood cover differ; north rays include building/door facade and further chamber walls, south rays pass spawn approach to remoteY-1183..-1193. Native surface/shape/face preserved. No whole courtyard rectangle or cover body acceptance."
PLAN_SECTION_OUTSIDE_LONG_001,OUTSIDE_LONG,OUTSIDE_LONG,168.75,128.0,34.21,74.0,325.12,86.8934,187.96,445.4375,concrete,confirmed repeated first-hit point,"32 repeated directions atZ74. Eastern masonry and west storefront shutters/wood cover differ; north rays include building/door facade and further chamber walls, south rays pass spawn approach to remoteY-1183..-1193. Native surface/shape/face preserved. No whole courtyard rectangle or cover body acceptance."
PLAN_SECTION_OUTSIDE_LONG_001,OUTSIDE_LONG,OUTSIDE_LONG,180.0,117.0,0.0,74.0,297.18,0.0,187.96,464.82,metalpanel,confirmed repeated first-hit point,"32 repeated directions atZ74. Eastern masonry and west storefront shutters/wood cover differ; north rays include building/door facade and further chamber walls, south rays pass spawn approach to remoteY-1183..-1193. Native surface/shape/face preserved. No whole courtyard rectangle or cover body acceptance."
PLAN_SECTION_OUTSIDE_LONG_001,OUTSIDE_LONG,OUTSIDE_LONG,191.25,197.04,-20.48,74.0,500.4816,-52.0192,187.96,266.6418,Wood_Panel,confirmed repeated first-hit point,"32 repeated directions atZ74. Eastern masonry and west storefront shutters/wood cover differ; north rays include building/door facade and further chamber walls, south rays pass spawn approach to remoteY-1183..-1193. Native surface/shape/face preserved. No whole courtyard rectangle or cover body acceptance."
PLAN_SECTION_OUTSIDE_LONG_001,OUTSIDE_LONG,OUTSIDE_LONG,202.5,203.89,-39.81,74.0,517.8806,-101.1174,187.96,264.2329,Wood_Panel,confirmed repeated first-hit point,"32 repeated directions atZ74. Eastern masonry and west storefront shutters/wood cover differ; north rays include building/door facade and further chamber walls, south rays pass spawn approach to remoteY-1183..-1193. Native surface/shape/face preserved. No whole courtyard rectangle or cover body acceptance."
PLAN_SECTION_OUTSIDE_LONG_001,OUTSIDE_LONG,OUTSIDE_LONG,213.75,210.88,-59.55,74.0,535.6352,-151.257,187.96,272.2493,Wood_Panel,confirmed repeated first-hit point,"32 repeated directions atZ74. Eastern masonry and west storefront shutters/wood cover differ; north rays include building/door facade and further chamber walls, south rays pass spawn approach to remoteY-1183..-1193. Native surface/shape/face preserved. No whole courtyard rectangle or cover body acceptance."
PLAN_SECTION_OUTSIDE_LONG_001,OUTSIDE_LONG,OUTSIDE_LONG,225.0,117.0,-183.0,74.0,297.18,-464.82,187.96,657.3547,metalpanel,confirmed repeated first-hit point,"32 repeated directions atZ74. Eastern masonry and west storefront shutters/wood cover differ; north rays include building/door facade and further chamber walls, south rays pass spawn approach to remoteY-1183..-1193. Native surface/shape/face preserved. No whole courtyard rectangle or cover body acceptance."
PLAN_SECTION_OUTSIDE_LONG_001,OUTSIDE_LONG,OUTSIDE_LONG,236.25,89.79,-314.6,74.0,228.0666,-799.084,187.96,961.0516,solidmetal,confirmed repeated first-hit point,"32 repeated directions atZ74. Eastern masonry and west storefront shutters/wood cover differ; north rays include building/door facade and further chamber walls, south rays pass spawn approach to remoteY-1183..-1193. Native surface/shape/face preserved. No whole courtyard rectangle or cover body acceptance."
PLAN_SECTION_OUTSIDE_LONG_001,OUTSIDE_LONG,OUTSIDE_LONG,247.5,-190.03,-1183.03,74.0,-482.6762,-3004.8962,187.96,3252.4791,concrete,confirmed repeated first-hit point,"32 repeated directions atZ74. Eastern masonry and west storefront shutters/wood cover differ; north rays include building/door facade and further chamber walls, south rays pass spawn approach to remoteY-1183..-1193. Native surface/shape/face preserved. No whole courtyard rectangle or cover body acceptance."
PLAN_SECTION_OUTSIDE_LONG_001,OUTSIDE_LONG,OUTSIDE_LONG,258.75,64.43,-1184.28,74.0,163.6522,-3008.0712,187.96,3067.0038,concrete,confirmed repeated first-hit point,"32 repeated directions atZ74. Eastern masonry and west storefront shutters/wood cover differ; north rays include building/door facade and further chamber walls, south rays pass spawn approach to remoteY-1183..-1193. Native surface/shape/face preserved. No whole courtyard rectangle or cover body acceptance."
PLAN_SECTION_OUTSIDE_LONG_001,OUTSIDE_LONG,OUTSIDE_LONG,270.0,300.0,-1192.97,74.0,762.0,-3030.1438,187.96,3030.1438,solidmetal,confirmed repeated first-hit point,"32 repeated directions atZ74. Eastern masonry and west storefront shutters/wood cover differ; north rays include building/door facade and further chamber walls, south rays pass spawn approach to remoteY-1183..-1193. Native surface/shape/face preserved. No whole courtyard rectangle or cover body acceptance."
PLAN_SECTION_OUTSIDE_LONG_001,OUTSIDE_LONG,OUTSIDE_LONG,281.25,384.0,-422.3,74.0,975.36,-1072.642,187.96,1093.656,concrete,confirmed repeated first-hit point,"32 repeated directions atZ74. Eastern masonry and west storefront shutters/wood cover differ; north rays include building/door facade and further chamber walls, south rays pass spawn approach to remoteY-1183..-1193. Native surface/shape/face preserved. No whole courtyard rectangle or cover body acceptance."
PLAN_SECTION_OUTSIDE_LONG_001,OUTSIDE_LONG,OUTSIDE_LONG,292.5,459.06,-384.0,74.0,1166.0124,-975.36,187.96,1055.724,concrete,confirmed repeated first-hit point,"32 repeated directions atZ74. Eastern masonry and west storefront shutters/wood cover differ; north rays include building/door facade and further chamber walls, south rays pass spawn approach to remoteY-1183..-1193. Native surface/shape/face preserved. No whole courtyard rectangle or cover body acceptance."
PLAN_SECTION_OUTSIDE_LONG_001,OUTSIDE_LONG,OUTSIDE_LONG,303.75,577.23,-414.9,74.0,1466.1642,-1053.846,187.96,1267.4536,metal,confirmed repeated first-hit point,"32 repeated directions atZ74. Eastern masonry and west storefront shutters/wood cover differ; north rays include building/door facade and further chamber walls, south rays pass spawn approach to remoteY-1183..-1193. Native surface/shape/face preserved. No whole courtyard rectangle or cover body acceptance."
PLAN_SECTION_OUTSIDE_LONG_001,OUTSIDE_LONG,OUTSIDE_LONG,315.0,716.0,-416.0,74.0,1818.64,-1056.64,187.96,1494.3146,concrete,confirmed repeated first-hit point,"32 repeated directions atZ74. Eastern masonry and west storefront shutters/wood cover differ; north rays include building/door facade and further chamber walls, south rays pass spawn approach to remoteY-1183..-1193. Native surface/shape/face preserved. No whole courtyard rectangle or cover body acceptance."
PLAN_SECTION_OUTSIDE_LONG_001,OUTSIDE_LONG,OUTSIDE_LONG,326.25,778.98,-320.04,74.0,1978.6092,-812.9016,187.96,1463.1975,concrete,confirmed repeated first-hit point,"32 repeated directions atZ74. Eastern masonry and west storefront shutters/wood cover differ; north rays include building/door facade and further chamber walls, south rays pass spawn approach to remoteY-1183..-1193. Native surface/shape/face preserved. No whole courtyard rectangle or cover body acceptance."
PLAN_SECTION_OUTSIDE_LONG_001,OUTSIDE_LONG,OUTSIDE_LONG,337.5,772.24,-195.61,74.0,1961.4896,-496.8494,187.96,1298.3199,concrete,confirmed repeated first-hit point,"32 repeated directions atZ74. Eastern masonry and west storefront shutters/wood cover differ; north rays include building/door facade and further chamber walls, south rays pass spawn approach to remoteY-1183..-1193. Native surface/shape/face preserved. No whole courtyard rectangle or cover body acceptance."
PLAN_SECTION_OUTSIDE_LONG_001,OUTSIDE_LONG,OUTSIDE_LONG,348.75,768.86,-93.26,74.0,1952.9044,-236.8804,187.96,1214.2346,concrete,confirmed repeated first-hit point,"32 repeated directions atZ74. Eastern masonry and west storefront shutters/wood cover differ; north rays include building/door facade and further chamber walls, south rays pass spawn approach to remoteY-1183..-1193. Native surface/shape/face preserved. No whole courtyard rectangle or cover body acceptance."
