report,station,route,floor_report,floor_native,height_above_floor_native,axis,low_native,high_native,span_cm,low_surface,high_surface,confidence,limits
ROUTE_BODY35_AXIS_SECTIONS_002,ROUTE_FLOOR_B_DOORS_BOTH_00_001_BODY35,B_DOORS_BOTH,ROUTE_FLOOR_B_DOORS_BOTH_00_001,"[-1550.0, 2200.0, -2.59]",35,Y,"[-1550.0, 1894.53, 32.41]","[-1550.0, 2753.81, 32.41]",2182.5712,"['Hit: hitbox 0, hitgroup -1, bone -1, solid 1, surfaceprop metalvehicle, contents 400004c1, shape type: Hull, face: -1']","['Hit: hitbox 0, hitgroup -1, bone -1, solid 1, surfaceprop dirt, contents 400004c1, shape type: Hull, face: -1']",confirmed repeated native first-hit ray span,"Diagnostic local ray span: diagonal route turns are not normal sections; cover, slope, cross-area hits and unknown playerclip ray-mask coverage preclude automatic whole-route minimum/architectural boundary acceptance."
ROUTE_BODY35_AXIS_SECTIONS_002,ROUTE_FLOOR_B_DOORS_BOTH_01_001_BODY35,B_DOORS_BOTH,ROUTE_FLOOR_B_DOORS_BOTH_01_001,"[-1449.51, 2200.0, -0.06]",35,Y,"[-1449.51, 1820.5, 34.94]","[-1449.51, 2583.69, 34.94]",1938.5026,"['Hit: hitbox 0, hitgroup -1, bone -1, solid 1, surfaceprop metalpanel, contents 400004c1, shape type: Hull, face: -1']","['Hit: hitbox 0, hitgroup -1, bone -1, solid 1, surfaceprop metalpanel, contents 400004c1, shape type: Hull, face: -1']",confirmed repeated native first-hit ray span,"Diagnostic local ray span: diagonal route turns are not normal sections; cover, slope, cross-area hits and unknown playerclip ray-mask coverage preclude automatic whole-route minimum/architectural boundary acceptance."
ROUTE_BODY35_AXIS_SECTIONS_002,ROUTE_FLOOR_B_DOORS_BOTH_02_001_BODY35,B_DOORS_BOTH,ROUTE_FLOOR_B_DOORS_BOTH_02_001,"[-1406.99, 2191.42, 0.0]",35,Y,"[-1406.99, 1862.56, 35.0]","[-1406.99, 2584.44, 35.0]",1833.5752,"['Hit: hitbox 0, hitgroup -1, bone -1, solid 1, surfaceprop metalpanel, contents 400004c1, shape type: Hull, face: -1']","['Hit: hitbox 0, hitgroup -1, bone -1, solid 1, surfaceprop metalpanel, contents 400004c1, shape type: Hull, face: -1']",confirmed repeated native first-hit ray span,"Diagnostic local ray span: diagonal route turns are not normal sections; cover, slope, cross-area hits and unknown playerclip ray-mask coverage preclude automatic whole-route minimum/architectural boundary acceptance."
ROUTE_BODY35_AXIS_SECTIONS_002,ROUTE_FLOOR_B_DOORS_BOTH_03_001_BODY35,B_DOORS_BOTH,ROUTE_FLOOR_B_DOORS_BOTH_03_001,"[-1311.18, 2191.2, 1.69]",35,Y,"[-1311.18, 2139.95, 36.69]","[-1311.18, 2297.7, 36.69]",400.685,"['Hit: hitbox 0, hitgroup -1, bone -1, solid 1, surfaceprop Wood_Dense, contents 400004c1, shape type: Hull, face: -1']","['Hit: hitbox 0, hitgroup -1, bone -1, solid 1, surfaceprop Wood_Dense, contents 400004c1, shape type: Hull, face: -1']",confirmed repeated native first-hit ray span,"Diagnostic local ray span: diagonal route turns are not normal sections; cover, slope, cross-area hits and unknown playerclip ray-mask coverage preclude automatic whole-route minimum/architectural boundary acceptance."
ROUTE_BODY35_AXIS_SECTIONS_002,ROUTE_FLOOR_B_DOORS_BOTH_04_001_BODY35,B_DOORS_BOTH,ROUTE_FLOOR_B_DOORS_BOTH_04_001,"[-1198.28, 2189.33, 2.5]",35,Y,"[-1198.28, 2048.01, 37.5]","[-1198.28, 2476.83, 37.5]",1089.2028,"['Hit: hitbox 0, hitgroup -1, bone -1, solid 1, surfaceprop concrete, contents 400004c1, shape type: Mesh, face: 106938']","['Hit: hitbox 0, hitgroup -1, bone -1, solid 1, surfaceprop gravel, contents 400004c1, shape type: Mesh, face: 109904']",confirmed repeated native first-hit ray span,"Diagnostic local ray span: diagonal route turns are not normal sections; cover, slope, cross-area hits and unknown playerclip ray-mask coverage preclude automatic whole-route minimum/architectural boundary acceptance."
ROUTE_BODY35_AXIS_SECTIONS_002,ROUTE_FLOOR_B_DOORS_BOTH_05_001_BODY35,B_DOORS_BOTH,ROUTE_FLOOR_B_DOORS_BOTH_05_001,"[-1054.76, 2199.65, -26.6]",35,Y,"[-1054.76, 2048.01, 8.4]","[-1054.76, 2511.74, 8.4]",1177.8742,"['Hit: hitbox 0, hitgroup -1, bone -1, solid 1, surfaceprop concrete, contents 400004c1, shape type: Mesh, face: 107002']","['Hit: hitbox 0, hitgroup -1, bone -1, solid 1, surfaceprop gravel, contents 400004c1, shape type: Mesh, face: 110066']",confirmed repeated native first-hit ray span,"Diagnostic local ray span: diagonal route turns are not normal sections; cover, slope, cross-area hits and unknown playerclip ray-mask coverage preclude automatic whole-route minimum/architectural boundary acceptance."
ROUTE_BODY35_AXIS_SECTIONS_002,ROUTE_FLOOR_B_DOORS_BOTH_06_001_BODY35,B_DOORS_BOTH,ROUTE_FLOOR_B_DOORS_BOTH_06_001,"[-805.16, 2248.99, -108.09]",35,Y,"[-805.16, 2048.0, -73.09]","[-805.16, 2586.8, -73.09]",1368.552,"['Hit: hitbox 0, hitgroup -1, bone -1, solid 1, surfaceprop concrete, contents 400004c1, shape type: Mesh, face: 110303']","['Hit: hitbox 0, hitgroup -1, bone -1, solid 1, surfaceprop metalpanel, contents 400004c1, shape type: Hull, face: -1']",confirmed repeated native first-hit ray span,"Diagnostic local ray span: diagonal route turns are not normal sections; cover, slope, cross-area hits and unknown playerclip ray-mask coverage preclude automatic whole-route minimum/architectural boundary acceptance."
ROUTE_BODY35_AXIS_SECTIONS_002,ROUTE_FLOOR_B_DOORS_BOTH_07_001_BODY35,B_DOORS_BOTH,ROUTE_FLOOR_B_DOORS_BOTH_07_001,"[-499.08, 2300.15, -115.39]",35,Y,"[-499.08, 1624.25, -80.39]","[-499.08, 2607.67, -80.39]",2497.8868,"['Hit: hitbox 0, hitgroup -1, bone -1, solid 1, surfaceprop Wood_Dense, contents 400004c1, shape type: Hull, face: -1']","['Hit: hitbox 0, hitgroup -1, bone -1, solid 1, surfaceprop gravel, contents 400004c1, shape type: Mesh, face: 126631']",confirmed repeated native first-hit ray span,"Diagnostic local ray span: diagonal route turns are not normal sections; cover, slope, cross-area hits and unknown playerclip ray-mask coverage preclude automatic whole-route minimum/architectural boundary acceptance."
ROUTE_BODY35_AXIS_SECTIONS_002,ROUTE_FLOOR_SHORT_TOP_SITE_BOTH_00_001_BODY35,SHORT_TOP_SITE_BOTH,ROUTE_FLOOR_SHORT_TOP_SITE_BOTH_00_001,"[300.0, 1800.0, 95.51]",35,Y,"[300.0, 1344.0, 130.51]","[300.0, 2702.97, 130.51]",3451.7838,"['Hit: hitbox 0, hitgroup -1, bone -1, solid 1, surfaceprop concrete, contents 400004c1, shape type: Mesh, face: 131468']","['Hit: hitbox 0, hitgroup -1, bone -1, solid 1, surfaceprop Wood_Basket, contents 400004c1, shape type: Hull, face: -1']",confirmed repeated native first-hit ray span,"Diagnostic local ray span: diagonal route turns are not normal sections; cover, slope, cross-area hits and unknown playerclip ray-mask coverage preclude automatic whole-route minimum/architectural boundary acceptance."
ROUTE_BODY35_AXIS_SECTIONS_002,ROUTE_FLOOR_SHORT_TOP_SITE_BOTH_01_001_BODY35,SHORT_TOP_SITE_BOTH,ROUTE_FLOOR_SHORT_TOP_SITE_BOTH_01_001,"[357.12, 1800.0, 95.17]",35,X,"[248.0, 1800.0, 130.17]","[512.0, 1800.0, 130.17]",670.56,"['Hit: hitbox 0, hitgroup -1, bone -1, solid 1, surfaceprop concrete, contents 400004c1, shape type: Mesh, face: 134277']","['Hit: hitbox 0, hitgroup -1, bone -1, solid 1, surfaceprop concrete, contents 400004c1, shape type: Mesh, face: 137199']",confirmed repeated native first-hit ray span,"Diagnostic local ray span: diagonal route turns are not normal sections; cover, slope, cross-area hits and unknown playerclip ray-mask coverage preclude automatic whole-route minimum/architectural boundary acceptance."
ROUTE_BODY35_AXIS_SECTIONS_002,ROUTE_FLOOR_SHORT_TOP_SITE_BOTH_02_001_BODY35,SHORT_TOP_SITE_BOTH,ROUTE_FLOOR_SHORT_TOP_SITE_BOTH_02_001,"[398.74, 1994.15, 95.75]",35,X,"[288.85, 1994.15, 130.75]","[428.92, 1994.15, 130.75]",355.7778,"['Hit: hitbox 0, hitgroup -1, bone -1, solid 1, surfaceprop concrete, contents 400004c1, shape type: Hull, face: -1']","['Hit: hitbox 0, hitgroup -1, bone -1, solid 1, surfaceprop Wood_Panel, contents 400004c1, shape type: Hull, face: -1']",confirmed repeated native first-hit ray span,"Diagnostic local ray span: diagonal route turns are not normal sections; cover, slope, cross-area hits and unknown playerclip ray-mask coverage preclude automatic whole-route minimum/architectural boundary acceptance."
ROUTE_BODY35_AXIS_SECTIONS_002,ROUTE_FLOOR_SHORT_TOP_SITE_BOTH_03_001_BODY35,SHORT_TOP_SITE_BOTH,ROUTE_FLOOR_SHORT_TOP_SITE_BOTH_03_001,"[499.88, 2252.05, 96.96]",35,X,"[256.0, 2252.05, 131.96]","[1794.32, 2252.05, 131.96]",3907.3328,"['Hit: hitbox 0, hitgroup -1, bone -1, solid 1, surfaceprop concrete, contents 400004c1, shape type: Mesh, face: 157577']","['Hit: hitbox 0, hitgroup -1, bone -1, solid 1, surfaceprop concrete, contents 400004c1, shape type: Mesh, face: 166738']",confirmed repeated native first-hit ray span,"Diagnostic local ray span: diagonal route turns are not normal sections; cover, slope, cross-area hits and unknown playerclip ray-mask coverage preclude automatic whole-route minimum/architectural boundary acceptance."
ROUTE_BODY35_AXIS_SECTIONS_002,ROUTE_FLOOR_SHORT_TOP_SITE_BOTH_04_001_BODY35,SHORT_TOP_SITE_BOTH,ROUTE_FLOOR_SHORT_TOP_SITE_BOTH_04_001,"[499.97, 2475.55, 95.69]",35,X,"[256.0, 2475.55, 130.69]","[1006.05, 2475.55, 130.69]",1905.127,"['Hit: hitbox 0, hitgroup -1, bone -1, solid 1, surfaceprop concrete, contents 400004c1, shape type: Mesh, face: 157837']","['Hit: hitbox 0, hitgroup -1, bone -1, solid 1, surfaceprop Wood_Panel, contents 400004c1, shape type: Hull, face: -1']",confirmed repeated native first-hit ray span,"Diagnostic local ray span: diagonal route turns are not normal sections; cover, slope, cross-area hits and unknown playerclip ray-mask coverage preclude automatic whole-route minimum/architectural boundary acceptance."
ROUTE_BODY35_AXIS_SECTIONS_002,ROUTE_FLOOR_SHORT_TOP_SITE_BOTH_05_001_BODY35,SHORT_TOP_SITE_BOTH,ROUTE_FLOOR_SHORT_TOP_SITE_BOTH_05_001,"[697.07, 2499.64, 95.33]",35,Y,"[697.07, 2047.98, 130.33]","[697.07, 2746.52, 130.33]",1774.2916,"['Hit: hitbox 0, hitgroup -1, bone -1, solid 1, surfaceprop concrete, contents 400004c1, shape type: Mesh, face: 159680']","['Hit: hitbox 0, hitgroup -1, bone -1, solid 1, surfaceprop Wood_Panel, contents 400004c1, shape type: Hull, face: -1']",confirmed repeated native first-hit ray span,"Diagnostic local ray span: diagonal route turns are not normal sections; cover, slope, cross-area hits and unknown playerclip ray-mask coverage preclude automatic whole-route minimum/architectural boundary acceptance."
ROUTE_BODY35_AXIS_SECTIONS_002,ROUTE_FLOOR_SHORT_TOP_SITE_BOTH_06_001_BODY35,SHORT_TOP_SITE_BOTH,ROUTE_FLOOR_SHORT_TOP_SITE_BOTH_06_001,"[951.43, 2500.0, 96.23]",35,Y,"[951.43, 2016.0, 131.23]","[951.43, 2784.0, 131.23]",1950.72,"['Hit: hitbox 0, hitgroup -1, bone -1, solid 1, surfaceprop concrete, contents 400004c1, shape type: Mesh, face: 161260']","['Hit: hitbox 0, hitgroup -1, bone -1, solid 1, surfaceprop concrete, contents 400004c1, shape type: Mesh, face: 162980']",confirmed repeated native first-hit ray span,"Diagnostic local ray span: diagonal route turns are not normal sections; cover, slope, cross-area hits and unknown playerclip ray-mask coverage preclude automatic whole-route minimum/architectural boundary acceptance."
ROUTE_BODY35_AXIS_SECTIONS_002,ROUTE_FLOOR_SHORT_TOP_SITE_BOTH_07_001_BODY35,SHORT_TOP_SITE_BOTH,ROUTE_FLOOR_SHORT_TOP_SITE_BOTH_07_001,"[950.13, 2727.23, 96.76]",35,X,"[874.99, 2727.23, 131.76]","[1632.0, 2727.23, 131.76]",1922.8054,"['Hit: hitbox 0, hitgroup -1, bone -1, solid 1, surfaceprop sand, contents 400004c1, shape type: Hull, face: -1']","['Hit: hitbox 0, hitgroup -1, bone -1, solid 1, surfaceprop concrete, contents 400004c1, shape type: Mesh, face: 164941']",confirmed repeated native first-hit ray span,"Diagnostic local ray span: diagonal route turns are not normal sections; cover, slope, cross-area hits and unknown playerclip ray-mask coverage preclude automatic whole-route minimum/architectural boundary acceptance."
ROUTE_BODY35_AXIS_SECTIONS_002,ROUTE_FLOOR_TOPMID_CATWALK_BOTH_00_001_BODY35,TOPMID_CATWALK_BOTH,ROUTE_FLOOR_TOPMID_CATWALK_BOTH_00_001,"[-450.0, 300.0, -3.87]",35,Y,"[-450.0, -60.97, 31.13]","[-450.0, 1590.53, 31.13]",4194.81,"['Hit: hitbox 0, hitgroup -1, bone -1, solid 1, surfaceprop Wood_Panel, contents 400004c1, shape type: Hull, face: -1']","['Hit: hitbox 0, hitgroup -1, bone -1, solid 1, surfaceprop Wood_Dense, contents 400004c1, shape type: Hull, face: -1']",confirmed repeated native first-hit ray span,"Diagnostic local ray span: diagonal route turns are not normal sections; cover, slope, cross-area hits and unknown playerclip ray-mask coverage preclude automatic whole-route minimum/architectural boundary acceptance."
ROUTE_BODY35_AXIS_SECTIONS_002,ROUTE_FLOOR_TOPMID_CATWALK_BOTH_01_001_BODY35,TOPMID_CATWALK_BOTH,ROUTE_FLOOR_TOPMID_CATWALK_BOTH_01_001,"[-137.55, 504.88, -0.51]",35,Y,"[-137.55, 288.0, 34.49]","[-137.55, 1535.08, 34.49]",3167.5832,"['Hit: hitbox 0, hitgroup -1, bone -1, solid 1, surfaceprop concrete, contents 400004c1, shape type: Mesh, face: 64608']","['Hit: hitbox 0, hitgroup -1, bone -1, solid 1, surfaceprop concrete, contents 400004c1, shape type: Hull, face: -1']",confirmed repeated native first-hit ray span,"Diagnostic local ray span: diagonal route turns are not normal sections; cover, slope, cross-area hits and unknown playerclip ray-mask coverage preclude automatic whole-route minimum/architectural boundary acceptance."
ROUTE_BODY35_AXIS_SECTIONS_002,ROUTE_FLOOR_TOPMID_CATWALK_BOTH_02_001_BODY35,TOPMID_CATWALK_BOTH,ROUTE_FLOOR_TOPMID_CATWALK_BOTH_02_001,"[-149.07, 598.9, 0.64]",35,X,"[-651.0, 598.9, 35.64]","[-128.0, 598.9, 35.64]",1328.42,"['Hit: hitbox 0, hitgroup -1, bone -1, solid 1, surfaceprop metalpanel, contents 400004c1, shape type: Mesh, face: 48215']","['Hit: hitbox 0, hitgroup -1, bone -1, solid 1, surfaceprop concrete, contents 400004c1, shape type: Mesh, face: 69993']",confirmed repeated native first-hit ray span,"Diagnostic local ray span: diagonal route turns are not normal sections; cover, slope, cross-area hits and unknown playerclip ray-mask coverage preclude automatic whole-route minimum/architectural boundary acceptance."
ROUTE_BODY35_AXIS_SECTIONS_002,ROUTE_FLOOR_TOPMID_CATWALK_BOTH_03_001_BODY35,TOPMID_CATWALK_BOTH,ROUTE_FLOOR_TOPMID_CATWALK_BOTH_03_001,"[-180.01, 800.01, 1.34]",35,X,"[-512.0, 800.01, 36.34]","[-128.0, 800.01, 36.34]",975.36,"['Hit: hitbox 0, hitgroup -1, bone -1, solid 1, surfaceprop concrete, contents 400004c1, shape type: Mesh, face: 50350']","['Hit: hitbox 0, hitgroup -1, bone -1, solid 1, surfaceprop concrete, contents 400004c1, shape type: Mesh, face: 70865']",confirmed repeated native first-hit ray span,"Diagnostic local ray span: diagonal route turns are not normal sections; cover, slope, cross-area hits and unknown playerclip ray-mask coverage preclude automatic whole-route minimum/architectural boundary acceptance."
ROUTE_BODY35_AXIS_SECTIONS_002,ROUTE_FLOOR_TOPMID_CATWALK_BOTH_04_001_BODY35,TOPMID_CATWALK_BOTH,ROUTE_FLOOR_TOPMID_CATWALK_BOTH_04_001,"[-179.99, 1086.87, 0.01]",35,X,"[-544.0, 1086.87, 35.01]","[-128.0, 1086.87, 35.01]",1056.64,"['Hit: hitbox 0, hitgroup -1, bone -1, solid 1, surfaceprop concrete, contents 400004c1, shape type: Mesh, face: 101614']","['Hit: hitbox 0, hitgroup -1, bone -1, solid 1, surfaceprop concrete, contents 400004c1, shape type: Mesh, face: 103277']",confirmed repeated native first-hit ray span,"Diagnostic local ray span: diagonal route turns are not normal sections; cover, slope, cross-area hits and unknown playerclip ray-mask coverage preclude automatic whole-route minimum/architectural boundary acceptance."
ROUTE_BODY35_AXIS_SECTIONS_002,ROUTE_FLOOR_TOPMID_CATWALK_BOTH_05_001_BODY35,TOPMID_CATWALK_BOTH,ROUTE_FLOOR_TOPMID_CATWALK_BOTH_05_001,"[-180.0, 1404.62, -0.4]",35,Y,"[-180.0, 288.0, 34.6]","[-180.0, 1535.71, 34.6]",3169.1834,"['Hit: hitbox 0, hitgroup -1, bone -1, solid 1, surfaceprop concrete, contents 400004c1, shape type: Mesh, face: 63860']","['Hit: hitbox 0, hitgroup -1, bone -1, solid 1, surfaceprop concrete, contents 400004c1, shape type: Hull, face: -1']",confirmed repeated native first-hit ray span,"Diagnostic local ray span: diagonal route turns are not normal sections; cover, slope, cross-area hits and unknown playerclip ray-mask coverage preclude automatic whole-route minimum/architectural boundary acceptance."
ROUTE_BODY35_AXIS_SECTIONS_002,ROUTE_FLOOR_TOPMID_CATWALK_BOTH_06_001_BODY35,TOPMID_CATWALK_BOTH,ROUTE_FLOOR_TOPMID_CATWALK_BOTH_06_001,"[249.48, 1400.02, -0.14]",35,Y,"[249.48, 1328.01, 34.86]","[249.48, 1536.02, 34.86]",528.3454,"['Hit: hitbox 0, hitgroup -1, bone -1, solid 1, surfaceprop concrete, contents 400004c1, shape type: Mesh, face: 129896']","['Hit: hitbox 0, hitgroup -1, bone -1, solid 1, surfaceprop concrete, contents 400004c1, shape type: Hull, face: -1']",confirmed repeated native first-hit ray span,"Diagnostic local ray span: diagonal route turns are not normal sections; cover, slope, cross-area hits and unknown playerclip ray-mask coverage preclude automatic whole-route minimum/architectural boundary acceptance."
ROUTE_BODY35_AXIS_SECTIONS_002,ROUTE_FLOOR_MID_DOORS_BOTH_00_001_BODY35,MID_DOORS_BOTH,ROUTE_FLOOR_MID_DOORS_BOTH_00_001,"[-420.0, 1300.0, -122.99]",35,X,"[-512.0, 1300.0, -87.99]","[-256.75, 1300.0, -87.99]",648.335,"['Hit: hitbox 0, hitgroup -1, bone -1, solid 1, surfaceprop concrete, contents 400004c1, shape type: Mesh, face: 101784']","['Hit: hitbox 0, hitgroup -1, bone -1, solid 1, surfaceprop concrete, contents 400004c1, shape type: Mesh, face: 103012']",confirmed repeated native first-hit ray span,"Diagnostic local ray span: diagonal route turns are not normal sections; cover, slope, cross-area hits and unknown playerclip ray-mask coverage preclude automatic whole-route minimum/architectural boundary acceptance."
ROUTE_BODY35_AXIS_SECTIONS_002,ROUTE_FLOOR_MID_DOORS_BOTH_01_001_BODY35,MID_DOORS_BOTH,ROUTE_FLOOR_MID_DOORS_BOTH_01_001,"[-372.12, 1496.03, -126.3]",35,X,"[-507.03, 1496.03, -91.3]","[-256.88, 1496.03, -91.3]",635.381,"['Hit: hitbox 0, hitgroup -1, bone -1, solid 1, surfaceprop concrete, contents 400004c1, shape type: Hull, face: -1']","['Hit: hitbox 0, hitgroup -1, bone -1, solid 1, surfaceprop concrete, contents 400004c1, shape type: Mesh, face: 103051']",confirmed repeated native first-hit ray span,"Diagnostic local ray span: diagonal route turns are not normal sections; cover, slope, cross-area hits and unknown playerclip ray-mask coverage preclude automatic whole-route minimum/architectural boundary acceptance."
ROUTE_BODY35_AXIS_SECTIONS_002,ROUTE_FLOOR_MID_DOORS_BOTH_02_001_BODY35,MID_DOORS_BOTH,ROUTE_FLOOR_MID_DOORS_BOTH_02_001,"[-370.12, 1585.26, -126.91]",35,X,"[-424.73, 1585.26, -91.91]","[-319.69, 1585.26, -91.91]",266.8016,"['Hit: hitbox 0, hitgroup -1, bone -1, solid 1, surfaceprop Wood_Dense, contents 400004c1, shape type: Hull, face: -1']","['Hit: hitbox 0, hitgroup -1, bone -1, solid 1, surfaceprop concrete, contents 400004c1, shape type: Hull, face: -1']",confirmed repeated native first-hit ray span,"Diagnostic local ray span: diagonal route turns are not normal sections; cover, slope, cross-area hits and unknown playerclip ray-mask coverage preclude automatic whole-route minimum/architectural boundary acceptance."
ROUTE_BODY35_AXIS_SECTIONS_002,ROUTE_FLOOR_MID_DOORS_BOTH_03_001_BODY35,MID_DOORS_BOTH,ROUTE_FLOOR_MID_DOORS_BOTH_03_001,"[-445.31, 1633.39, -126.21]",35,X,"[-508.7, 1633.39, -91.21]","[-353.55, 1633.39, -91.21]",394.081,"['Hit: hitbox 0, hitgroup -1, bone -1, solid 1, surfaceprop Wood_Dense, contents 400004c1, shape type: Hull, face: -1']","['Hit: hitbox 0, hitgroup -1, bone -1, solid 1, surfaceprop Wood_Dense, contents 400004c1, shape type: Hull, face: -1']",confirmed repeated native first-hit ray span,"Diagnostic local ray span: diagonal route turns are not normal sections; cover, slope, cross-area hits and unknown playerclip ray-mask coverage preclude automatic whole-route minimum/architectural boundary acceptance."
ROUTE_BODY35_AXIS_SECTIONS_002,ROUTE_FLOOR_MID_DOORS_BOTH_04_001_BODY35,MID_DOORS_BOTH,ROUTE_FLOOR_MID_DOORS_BOTH_04_001,"[-420.81, 1746.27, -127.69]",35,X,"[-586.97, 1746.27, -92.69]","[-256.07, 1746.27, -92.69]",840.486,"['Hit: hitbox 0, hitgroup -1, bone -1, solid 1, surfaceprop concrete, contents 400004c1, shape type: Hull, face: -1']","['Hit: hitbox 0, hitgroup -1, bone -1, solid 1, surfaceprop concrete, contents 400004c1, shape type: Mesh, face: 105930']",confirmed repeated native first-hit ray span,"Diagnostic local ray span: diagonal route turns are not normal sections; cover, slope, cross-area hits and unknown playerclip ray-mask coverage preclude automatic whole-route minimum/architectural boundary acceptance."
ROUTE_BODY35_AXIS_SECTIONS_002,ROUTE_FLOOR_MID_DOORS_BOTH_05_001_BODY35,MID_DOORS_BOTH,ROUTE_FLOOR_MID_DOORS_BOTH_05_001,"[-499.88, 1899.73, -123.37]",35,X,"[-624.0, 1899.73, -88.37]","[-320.38, 1899.73, -88.37]",771.1948,"['Hit: hitbox 0, hitgroup -1, bone -1, solid 1, surfaceprop concrete, contents 400004c1, shape type: Mesh, face: 111385']","['Hit: hitbox 0, hitgroup -1, bone -1, solid 1, surfaceprop concrete, contents 400004c1, shape type: Hull, face: -1']",confirmed repeated native first-hit ray span,"Diagnostic local ray span: diagonal route turns are not normal sections; cover, slope, cross-area hits and unknown playerclip ray-mask coverage preclude automatic whole-route minimum/architectural boundary acceptance."
ROUTE_BODY35_AXIS_SECTIONS_002,ROUTE_FLOOR_MID_DOORS_BOTH_06_001_BODY35,MID_DOORS_BOTH,ROUTE_FLOOR_MID_DOORS_BOTH_06_001,"[-499.97, 2133.22, -125.7]",35,X,"[-877.7, 2133.22, -90.7]","[664.62, 2133.22, -90.7]",3917.4928,"['Hit: hitbox 0, hitgroup -1, bone -1, solid 1, surfaceprop gravel, contents 400004c1, shape type: Mesh, face: 110573']","['Hit: hitbox 0, hitgroup -1, bone -1, solid 1, surfaceprop sand, contents 400004c1, shape type: Mesh, face: 161737']",confirmed repeated native first-hit ray span,"Diagnostic local ray span: diagonal route turns are not normal sections; cover, slope, cross-area hits and unknown playerclip ray-mask coverage preclude automatic whole-route minimum/architectural boundary acceptance."
ROUTE_BODY35_AXIS_SECTIONS_002,ROUTE_FLOOR_MID_DOORS_BOTH_07_001_BODY35,MID_DOORS_BOTH,ROUTE_FLOOR_MID_DOORS_BOTH_07_001,"[-500.01, 2304.6, -114.95]",35,X,"[-890.71, 2304.6, -79.95]","[-319.35, 2304.6, -79.95]",1451.2544,"['Hit: hitbox 0, hitgroup -1, bone -1, solid 1, surfaceprop gravel, contents 400004c1, shape type: Mesh, face: 110729']","['Hit: hitbox 0, hitgroup -1, bone -1, solid 1, surfaceprop concrete, contents 400004c1, shape type: Hull, face: -1']",confirmed repeated native first-hit ray span,"Diagnostic local ray span: diagonal route turns are not normal sections; cover, slope, cross-area hits and unknown playerclip ray-mask coverage preclude automatic whole-route minimum/architectural boundary acceptance."
ROUTE_BODY35_AXIS_SECTIONS_002,ROUTE_FLOOR_TOPMID_MID_BOTH_00_001_BODY35,TOPMID_MID_BOTH,ROUTE_FLOOR_TOPMID_MID_BOTH_00_001,"[-450.0, 300.0, -3.87]",35,X,"[-721.04, 300.0, 31.13]","[469.07, 300.0, 31.13]",3022.8794,"['Hit: hitbox 0, hitgroup -1, bone -1, solid 1, surfaceprop metalpanel, contents 400004c1, shape type: Mesh, face: 48053']","['Hit: hitbox 0, hitgroup -1, bone -1, solid 1, surfaceprop concrete, contents 400004c1, shape type: Hull, face: -1']",confirmed repeated native first-hit ray span,"Diagnostic local ray span: diagonal route turns are not normal sections; cover, slope, cross-area hits and unknown playerclip ray-mask coverage preclude automatic whole-route minimum/architectural boundary acceptance."
ROUTE_BODY35_AXIS_SECTIONS_002,ROUTE_FLOOR_TOPMID_MID_BOTH_01_001_BODY35,TOPMID_MID_BOTH,ROUTE_FLOOR_TOPMID_MID_BOTH_01_001,"[-450.0, 505.99, -2.71]",35,X,"[-750.8, 505.99, 32.29]","[-89.99, 505.99, 32.29]",1678.4574,"['Hit: hitbox 0, hitgroup -1, bone -1, solid 1, surfaceprop concrete, contents 400004c1, shape type: Mesh, face: 47826']","['Hit: hitbox 0, hitgroup -1, bone -1, solid 1, surfaceprop concrete, contents 400004c1, shape type: Mesh, face: 74692']",confirmed repeated native first-hit ray span,"Diagnostic local ray span: diagonal route turns are not normal sections; cover, slope, cross-area hits and unknown playerclip ray-mask coverage preclude automatic whole-route minimum/architectural boundary acceptance."
ROUTE_BODY35_AXIS_SECTIONS_002,ROUTE_FLOOR_TOPMID_MID_BOTH_02_001_BODY35,TOPMID_MID_BOTH,ROUTE_FLOOR_TOPMID_MID_BOTH_02_001,"[-403.63, 732.27, -0.0]",35,X,"[-512.0, 732.27, 35.0]","[-128.0, 732.27, 35.0]",975.36,"['Hit: hitbox 0, hitgroup -1, bone -1, solid 1, surfaceprop concrete, contents 400004c1, shape type: Mesh, face: 50302']","['Hit: hitbox 0, hitgroup -1, bone -1, solid 1, surfaceprop concrete, contents 400004c1, shape type: Mesh, face: 70211']",confirmed repeated native first-hit ray span,"Diagnostic local ray span: diagonal route turns are not normal sections; cover, slope, cross-area hits and unknown playerclip ray-mask coverage preclude automatic whole-route minimum/architectural boundary acceptance."
ROUTE_BODY35_AXIS_SECTIONS_002,ROUTE_FLOOR_TOPMID_MID_BOTH_03_001_BODY35,TOPMID_MID_BOTH,ROUTE_FLOOR_TOPMID_MID_BOTH_03_001,"[-400.09, 994.13, -56.49]",35,X,"[-544.0, 994.13, -21.49]","[-256.97, 994.13, -21.49]",729.0562,"['Hit: hitbox 0, hitgroup -1, bone -1, solid 1, surfaceprop concrete, contents 400004c1, shape type: Mesh, face: 51152']","['Hit: hitbox 0, hitgroup -1, bone -1, solid 1, surfaceprop concrete, contents 400004c1, shape type: Mesh, face: 103059']",confirmed repeated native first-hit ray span,"Diagnostic local ray span: diagonal route turns are not normal sections; cover, slope, cross-area hits and unknown playerclip ray-mask coverage preclude automatic whole-route minimum/architectural boundary acceptance."
ROUTE_BODY35_AXIS_SECTIONS_002,ROUTE_FLOOR_TOPMID_MID_BOTH_04_001_BODY35,TOPMID_MID_BOTH,ROUTE_FLOOR_TOPMID_MID_BOTH_04_001,"[-419.03, 1285.33, -121.98]",35,X,"[-512.0, 1285.33, -86.98]","[-256.85, 1285.33, -86.98]",648.081,"['Hit: hitbox 0, hitgroup -1, bone -1, solid 1, surfaceprop concrete, contents 400004c1, shape type: Mesh, face: 101784']","['Hit: hitbox 0, hitgroup -1, bone -1, solid 1, surfaceprop concrete, contents 400004c1, shape type: Mesh, face: 103010']",confirmed repeated native first-hit ray span,"Diagnostic local ray span: diagonal route turns are not normal sections; cover, slope, cross-area hits and unknown playerclip ray-mask coverage preclude automatic whole-route minimum/architectural boundary acceptance."
ROUTE_BODY35_AXIS_SECTIONS_002,ROUTE_FLOOR_CTMID_CTSPAWN_BOTH_00_001_BODY35,CTMID_CTSPAWN_BOTH,ROUTE_FLOOR_CTMID_CTSPAWN_BOTH_00_001,"[-500.0, 2300.0, -115.43]",35,X,"[-890.68, 2300.0, -80.43]","[-257.78, 2300.0, -80.43]",1607.566,"['Hit: hitbox 0, hitgroup -1, bone -1, solid 1, surfaceprop concrete, contents 400004c1, shape type: Mesh, face: 110720']","['Hit: hitbox 0, hitgroup -1, bone -1, solid 1, surfaceprop Wood_Dense, contents 400004c1, shape type: Hull, face: -1']",confirmed repeated native first-hit ray span,"Diagnostic local ray span: diagonal route turns are not normal sections; cover, slope, cross-area hits and unknown playerclip ray-mask coverage preclude automatic whole-route minimum/architectural boundary acceptance."
ROUTE_BODY35_AXIS_SECTIONS_002,ROUTE_FLOOR_CTMID_CTSPAWN_BOTH_01_001_BODY35,CTMID_CTSPAWN_BOTH,ROUTE_FLOOR_CTMID_CTSPAWN_BOTH_01_001,"[-397.25, 2094.5, -129.27]",35,Y,"[-397.25, 1664.38, -94.27]","[-397.25, 2420.76, -94.27]",1921.2052,"['Hit: hitbox 0, hitgroup -1, bone -1, solid 1, surfaceprop Wood_Dense, contents 400004c1, shape type: Hull, face: -1']","['Hit: hitbox 0, hitgroup -1, bone -1, solid 1, surfaceprop gravel, contents 400004c1, shape type: Mesh, face: 111898']",confirmed repeated native first-hit ray span,"Diagnostic local ray span: diagonal route turns are not normal sections; cover, slope, cross-area hits and unknown playerclip ray-mask coverage preclude automatic whole-route minimum/architectural boundary acceptance."
ROUTE_BODY35_AXIS_SECTIONS_002,ROUTE_FLOOR_CTMID_CTSPAWN_BOTH_02_001_BODY35,CTMID_CTSPAWN_BOTH,ROUTE_FLOOR_CTMID_CTSPAWN_BOTH_02_001,"[-107.91, 2099.85, -126.2]",35,Y,"[-107.91, 2056.0, -91.2]","[-107.91, 2234.13, -91.2]",452.4502,"['Hit: hitbox 0, hitgroup -1, bone -1, solid 1, surfaceprop Wood_Panel, contents 400004c1, shape type: Hull, face: -1']","['Hit: hitbox 0, hitgroup -1, bone -1, solid 1, surfaceprop Wood_Panel, contents 400004c1, shape type: Hull, face: -1']",confirmed repeated native first-hit ray span,"Diagnostic local ray span: diagonal route turns are not normal sections; cover, slope, cross-area hits and unknown playerclip ray-mask coverage preclude automatic whole-route minimum/architectural boundary acceptance."
ROUTE_BODY35_AXIS_SECTIONS_002,ROUTE_FLOOR_CTMID_CTSPAWN_BOTH_03_001_BODY35,CTMID_CTSPAWN_BOTH,ROUTE_FLOOR_CTMID_CTSPAWN_BOTH_03_001,"[95.59, 2099.99, -123.73]",35,X,"[-871.19, 2099.99, -88.73]","[639.97, 2099.99, -88.73]",3838.3464,"['Hit: hitbox 0, hitgroup -1, bone -1, solid 1, surfaceprop gravel, contents 400004c1, shape type: Mesh, face: 110566']","['Hit: hitbox 0, hitgroup -1, bone -1, solid 1, surfaceprop concrete, contents 400004c1, shape type: Hull, face: -1']",confirmed repeated native first-hit ray span,"Diagnostic local ray span: diagonal route turns are not normal sections; cover, slope, cross-area hits and unknown playerclip ray-mask coverage preclude automatic whole-route minimum/architectural boundary acceptance."
ROUTE_BODY35_AXIS_SECTIONS_002,ROUTE_FLOOR_CTMID_CTSPAWN_BOTH_04_001_BODY35,CTMID_CTSPAWN_BOTH,ROUTE_FLOOR_CTMID_CTSPAWN_BOTH_04_001,"[159.85, 2369.4, -120.63]",35,X,"[56.97, 2369.4, -85.63]","[516.05, 2369.4, -85.63]",1166.0632,"['Hit: hitbox 0, hitgroup -1, bone -1, solid 1, surfaceprop Wood_Plank, contents 400004c1, shape type: Hull, face: -1']","['Hit: hitbox 0, hitgroup -1, bone -1, solid 1, surfaceprop concrete, contents 400004c1, shape type: Mesh, face: 161591']",confirmed repeated native first-hit ray span,"Diagnostic local ray span: diagonal route turns are not normal sections; cover, slope, cross-area hits and unknown playerclip ray-mask coverage preclude automatic whole-route minimum/architectural boundary acceptance."
ROUTE_BODY35_AXIS_SECTIONS_002,ROUTE_FLOOR_CTSPAWN_UNDERA_LONG_BOTH_00_001_BODY35,CTSPAWN_UNDERA_LONG_BOTH,ROUTE_FLOOR_CTSPAWN_UNDERA_LONG_BOTH_00_001,"[160.0, 2370.0, -120.64]",35,X,"[56.4, 2370.0, -85.64]","[515.91, 2370.0, -85.64]",1167.1554,"['Hit: hitbox 0, hitgroup -1, bone -1, solid 1, surfaceprop Wood_Plank, contents 400004c1, shape type: Hull, face: -1']","['Hit: hitbox 0, hitgroup -1, bone -1, solid 1, surfaceprop concrete, contents 400004c1, shape type: Mesh, face: 161591']",confirmed repeated native first-hit ray span,"Diagnostic local ray span: diagonal route turns are not normal sections; cover, slope, cross-area hits and unknown playerclip ray-mask coverage preclude automatic whole-route minimum/architectural boundary acceptance."
ROUTE_BODY35_AXIS_SECTIONS_002,ROUTE_FLOOR_CTSPAWN_UNDERA_LONG_BOTH_01_001_BODY35,CTSPAWN_UNDERA_LONG_BOTH,ROUTE_FLOOR_CTSPAWN_UNDERA_LONG_BOTH_01_001,"[160.0, 2152.74, -124.44]",35,Y,"[160.0, 2032.0, -89.44]","[160.0, 2559.08, -89.44]",1338.7832,"['Hit: hitbox 0, hitgroup -1, bone -1, solid 1, surfaceprop concrete, contents 400004c1, shape type: Mesh, face: 156133']","['Hit: hitbox 0, hitgroup -1, bone -1, solid 1, surfaceprop concrete, contents 400004c1, shape type: Mesh, face: 157072']",confirmed repeated native first-hit ray span,"Diagnostic local ray span: diagonal route turns are not normal sections; cover, slope, cross-area hits and unknown playerclip ray-mask coverage preclude automatic whole-route minimum/architectural boundary acceptance."
ROUTE_BODY35_AXIS_SECTIONS_002,ROUTE_FLOOR_CTSPAWN_UNDERA_LONG_BOTH_02_001_BODY35,CTSPAWN_UNDERA_LONG_BOTH,ROUTE_FLOOR_CTSPAWN_UNDERA_LONG_BOTH_02_001,"[390.99, 2150.13, -127.69]",35,Y,"[390.99, 2033.42, -92.69]","[390.99, 2563.23, -92.69]",1345.7174,"['Hit: hitbox 0, hitgroup -1, bone -1, solid 1, surfaceprop concrete, contents 400004c1, shape type: Mesh, face: 156201']","['Hit: hitbox 0, hitgroup -1, bone -1, solid 1, surfaceprop Wood_Dense, contents 400004c1, shape type: Hull, face: -1']",confirmed repeated native first-hit ray span,"Diagnostic local ray span: diagonal route turns are not normal sections; cover, slope, cross-area hits and unknown playerclip ray-mask coverage preclude automatic whole-route minimum/architectural boundary acceptance."
ROUTE_BODY35_AXIS_SECTIONS_002,ROUTE_FLOOR_CTSPAWN_UNDERA_LONG_BOTH_03_001_BODY35,CTSPAWN_UNDERA_LONG_BOTH,ROUTE_FLOOR_CTSPAWN_UNDERA_LONG_BOTH_03_001,"[595.78, 2150.01, -109.76]",35,Y,"[595.78, 2048.02, -74.76]","[595.78, 2292.66, -74.76]",621.3856,"['Hit: hitbox 0, hitgroup -1, bone -1, solid 1, surfaceprop concrete, contents 400004c1, shape type: Mesh, face: 159452']","['Hit: hitbox 0, hitgroup -1, bone -1, solid 1, surfaceprop Wood_Panel, contents 400004c1, shape type: Hull, face: -1']",confirmed repeated native first-hit ray span,"Diagnostic local ray span: diagonal route turns are not normal sections; cover, slope, cross-area hits and unknown playerclip ray-mask coverage preclude automatic whole-route minimum/architectural boundary acceptance."
ROUTE_BODY35_AXIS_SECTIONS_002,ROUTE_FLOOR_CTSPAWN_UNDERA_LONG_BOTH_04_001_BODY35,CTSPAWN_UNDERA_LONG_BOTH,ROUTE_FLOOR_CTSPAWN_UNDERA_LONG_BOTH_04_001,"[885.14, 2149.99, -27.6]",35,Y,"[885.14, 2048.01, 7.4]","[885.14, 2400.0, 7.4]",894.0546,"['Hit: hitbox 0, hitgroup -1, bone -1, solid 1, surfaceprop concrete, contents 400004c1, shape type: Mesh, face: 160568']","['Hit: hitbox 0, hitgroup -1, bone -1, solid 1, surfaceprop concrete, contents 400004c1, shape type: Mesh, face: 162112']",confirmed repeated native first-hit ray span,"Diagnostic local ray span: diagonal route turns are not normal sections; cover, slope, cross-area hits and unknown playerclip ray-mask coverage preclude automatic whole-route minimum/architectural boundary acceptance."
ROUTE_BODY35_AXIS_SECTIONS_002,ROUTE_FLOOR_CTSPAWN_UNDERA_LONG_BOTH_05_001_BODY35,CTSPAWN_UNDERA_LONG_BOTH,ROUTE_FLOOR_CTSPAWN_UNDERA_LONG_BOTH_05_001,"[1205.38, 2149.99, 0.56]",35,Y,"[1205.38, 2016.01, 35.56]","[1205.38, 2308.97, 35.56]",744.1184,"['Hit: hitbox 0, hitgroup -1, bone -1, solid 1, surfaceprop concrete, contents 400004c1, shape type: Mesh, face: 161199']","['Hit: hitbox 0, hitgroup -1, bone -1, solid 1, surfaceprop metalpanel, contents 400004c1, shape type: Hull, face: -1']",confirmed repeated native first-hit ray span,"Diagnostic local ray span: diagonal route turns are not normal sections; cover, slope, cross-area hits and unknown playerclip ray-mask coverage preclude automatic whole-route minimum/architectural boundary acceptance."
ROUTE_BODY35_AXIS_SECTIONS_002,ROUTE_FLOOR_CTSPAWN_UNDERA_LONG_BOTH_06_001_BODY35,CTSPAWN_UNDERA_LONG_BOTH,ROUTE_FLOOR_CTSPAWN_UNDERA_LONG_BOTH_06_001,"[1402.48, 2200.64, -7.81]",35,Y,"[1402.48, 320.0, 27.19]","[1402.48, 2425.93, 27.19]",5349.0622,"['Hit: hitbox 0, hitgroup -1, bone -1, solid 1, surfaceprop concrete, contents 400004c1, shape type: Mesh, face: 83035']","['Hit: hitbox 0, hitgroup -1, bone -1, solid 1, surfaceprop concrete, contents 400004c1, shape type: Mesh, face: 164451']",confirmed repeated native first-hit ray span,"Diagnostic local ray span: diagonal route turns are not normal sections; cover, slope, cross-area hits and unknown playerclip ray-mask coverage preclude automatic whole-route minimum/architectural boundary acceptance."
ROUTE_BODY35_AXIS_SECTIONS_002,ROUTE_FLOOR_TSPAWN_OUTSIDE_LONG_BOTH_00_001_BODY35,TSPAWN_OUTSIDE_LONG_BOTH,ROUTE_FLOOR_TSPAWN_OUTSIDE_LONG_BOTH_00_001,"[-500.0, -900.0, 106.97]",35,Y,"[-500.0, -1072.0, 141.97]","[-500.0, -640.19, 141.97]",1096.7974,"['Hit: hitbox 0, hitgroup -1, bone -1, solid 1, surfaceprop concrete, contents 400004c1, shape type: Mesh, face: 11057']","['Hit: hitbox 0, hitgroup -1, bone -1, solid 1, surfaceprop concrete, contents 400004c1, shape type: Mesh, face: 55509']",confirmed repeated native first-hit ray span,"Diagnostic local ray span: diagonal route turns are not normal sections; cover, slope, cross-area hits and unknown playerclip ray-mask coverage preclude automatic whole-route minimum/architectural boundary acceptance."
ROUTE_BODY35_AXIS_SECTIONS_002,ROUTE_FLOOR_TSPAWN_OUTSIDE_LONG_BOTH_01_001_BODY35,TSPAWN_OUTSIDE_LONG_BOTH,ROUTE_FLOOR_TSPAWN_OUTSIDE_LONG_BOTH_01_001,"[-96.4, -900.0, 14.27]",35,Y,"[-96.4, -1183.17, 49.27]","[-96.4, -640.19, 49.27]",1379.1692,"['Hit: hitbox 0, hitgroup -1, bone -1, solid 1, surfaceprop concrete, contents 400004c1, shape type: Mesh, face: 52209']","['Hit: hitbox 0, hitgroup -1, bone -1, solid 1, surfaceprop concrete, contents 400004c1, shape type: Mesh, face: 55835']",confirmed repeated native first-hit ray span,"Diagnostic local ray span: diagonal route turns are not normal sections; cover, slope, cross-area hits and unknown playerclip ray-mask coverage preclude automatic whole-route minimum/architectural boundary acceptance."
ROUTE_BODY35_AXIS_SECTIONS_002,ROUTE_FLOOR_TSPAWN_OUTSIDE_LONG_BOTH_02_001_BODY35,TSPAWN_OUTSIDE_LONG_BOTH,ROUTE_FLOOR_TSPAWN_OUTSIDE_LONG_BOTH_02_001,"[294.72, -900.0, -9.91]",35,Y,"[294.72, -1192.97, 25.09]","[294.72, 480.0, 25.09]",4249.3438,"['Hit: hitbox 0, hitgroup -1, bone -1, solid 1, surfaceprop solidmetal, contents 400004c1, shape type: Hull, face: -1']","['Hit: hitbox 0, hitgroup -1, bone -1, solid 1, surfaceprop concrete, contents 400004c1, shape type: Mesh, face: 72641']",confirmed repeated native first-hit ray span,"Diagnostic local ray span: diagonal route turns are not normal sections; cover, slope, cross-area hits and unknown playerclip ray-mask coverage preclude automatic whole-route minimum/architectural boundary acceptance."
ROUTE_BODY35_AXIS_SECTIONS_002,ROUTE_FLOOR_TSPAWN_OUTSIDE_LONG_BOTH_03_001_BODY35,TSPAWN_OUTSIDE_LONG_BOTH,ROUTE_FLOOR_TSPAWN_OUTSIDE_LONG_BOTH_03_001,"[299.83, -610.51, 1.36]",35,X,"[-512.0, -610.51, 36.36]","[351.33, -610.51, 36.36]",2192.8582,"['Hit: hitbox 0, hitgroup -1, bone -1, solid 1, surfaceprop concrete, contents 400004c1, shape type: Mesh, face: 22593']","['Hit: hitbox 0, hitgroup -1, bone -1, solid 1, surfaceprop rubbertire, contents 400004c1, shape type: Hull, face: -1']",confirmed repeated native first-hit ray span,"Diagnostic local ray span: diagonal route turns are not normal sections; cover, slope, cross-area hits and unknown playerclip ray-mask coverage preclude automatic whole-route minimum/architectural boundary acceptance."
ROUTE_BODY35_AXIS_SECTIONS_002,ROUTE_FLOOR_TSPAWN_OUTSIDE_LONG_BOTH_04_001_BODY35,TSPAWN_OUTSIDE_LONG_BOTH,ROUTE_FLOOR_TSPAWN_OUTSIDE_LONG_BOTH_04_001,"[299.98, -318.64, 0.18]",35,X,"[77.71, -318.64, 35.18]","[778.59, -318.64, 35.18]",1780.2352,"['Hit: hitbox 0, hitgroup -1, bone -1, solid 1, surfaceprop Wood, contents 400004c1, shape type: Hull, face: -1']","['Hit: hitbox 0, hitgroup -1, bone -1, solid 1, surfaceprop concrete, contents 400004c1, shape type: Mesh, face: 79289']",confirmed repeated native first-hit ray span,"Diagnostic local ray span: diagonal route turns are not normal sections; cover, slope, cross-area hits and unknown playerclip ray-mask coverage preclude automatic whole-route minimum/architectural boundary acceptance."
ROUTE_BODY35_AXIS_SECTIONS_002,ROUTE_FLOOR_TSPAWN_OUTSIDE_LONG_BOTH_05_001_BODY35,TSPAWN_OUTSIDE_LONG_BOTH,ROUTE_FLOOR_TSPAWN_OUTSIDE_LONG_BOTH_05_001,"[300.0, 2.84, -2.08]",35,X,"[117.0, 2.84, 32.92]","[612.24, 2.84, 32.92]",1257.9096,"['Hit: hitbox 0, hitgroup -1, bone -1, solid 1, surfaceprop metalpanel, contents 400004c1, shape type: Mesh, face: 67029']","['Hit: hitbox 0, hitgroup -1, bone -1, solid 1, surfaceprop metalvehicle, contents 400004c1, shape type: Hull, face: -1']",confirmed repeated native first-hit ray span,"Diagnostic local ray span: diagonal route turns are not normal sections; cover, slope, cross-area hits and unknown playerclip ray-mask coverage preclude automatic whole-route minimum/architectural boundary acceptance."
ROUTE_BODY35_AXIS_SECTIONS_002,ROUTE_FLOOR_TSPAWN_OUTSIDE_TUNNELS_BOTH_00_001_BODY35,TSPAWN_OUTSIDE_TUNNELS_BOTH,ROUTE_FLOOR_TSPAWN_OUTSIDE_TUNNELS_BOTH_00_001,"[-500.0, -900.0, 106.97]",35,Y,"[-500.0, -1072.0, 141.97]","[-500.0, -640.19, 141.97]",1096.7974,"['Hit: hitbox 0, hitgroup -1, bone -1, solid 1, surfaceprop concrete, contents 400004c1, shape type: Mesh, face: 11057']","['Hit: hitbox 0, hitgroup -1, bone -1, solid 1, surfaceprop concrete, contents 400004c1, shape type: Mesh, face: 55509']",confirmed repeated native first-hit ray span,"Diagnostic local ray span: diagonal route turns are not normal sections; cover, slope, cross-area hits and unknown playerclip ray-mask coverage preclude automatic whole-route minimum/architectural boundary acceptance."
ROUTE_BODY35_AXIS_SECTIONS_002,ROUTE_FLOOR_TSPAWN_OUTSIDE_TUNNELS_BOTH_01_001_BODY35,TSPAWN_OUTSIDE_TUNNELS_BOTH,ROUTE_FLOOR_TSPAWN_OUTSIDE_TUNNELS_BOTH_01_001,"[-1004.1, -899.99, 118.85]",35,Y,"[-1004.1, -1072.0, 153.85]","[-1004.1, -617.46, 153.85]",1154.5316,"['Hit: hitbox 0, hitgroup -1, bone -1, solid 1, surfaceprop concrete, contents 400004c1, shape type: Mesh, face: 10872']","['Hit: hitbox 0, hitgroup -1, bone -1, solid 1, surfaceprop metalvehicle, contents 400004c1, shape type: Hull, face: -1']",confirmed repeated native first-hit ray span,"Diagnostic local ray span: diagonal route turns are not normal sections; cover, slope, cross-area hits and unknown playerclip ray-mask coverage preclude automatic whole-route minimum/architectural boundary acceptance."
ROUTE_BODY35_AXIS_SECTIONS_002,ROUTE_FLOOR_TSPAWN_OUTSIDE_TUNNELS_BOTH_03_001_BODY35,TSPAWN_OUTSIDE_TUNNELS_BOTH,ROUTE_FLOOR_TSPAWN_OUTSIDE_TUNNELS_BOTH_03_001,"[-1699.11, -750.68, 118.56]",35,Y,"[-1699.11, -1085.47, 153.56]","[-1699.11, -318.44, 153.56]",1948.2562,"['Hit: hitbox 0, hitgroup -1, bone -1, solid 1, surfaceprop Wood_Panel, contents 400004c1, shape type: Hull, face: -1']","['Hit: hitbox 0, hitgroup -1, bone -1, solid 1, surfaceprop Wood_Panel, contents 400004c1, shape type: Hull, face: -1']",confirmed repeated native first-hit ray span,"Diagnostic local ray span: diagonal route turns are not normal sections; cover, slope, cross-area hits and unknown playerclip ray-mask coverage preclude automatic whole-route minimum/architectural boundary acceptance."
ROUTE_BODY35_AXIS_SECTIONS_002,ROUTE_FLOOR_TSPAWN_OUTSIDE_TUNNELS_BOTH_04_001_BODY35,TSPAWN_OUTSIDE_TUNNELS_BOTH,ROUTE_FLOOR_TSPAWN_OUTSIDE_TUNNELS_BOTH_04_001,"[-2048.09, -750.0, 118.1]",35,Y,"[-2048.09, -1067.0, 153.1]","[-2048.09, -111.05, 153.1]",2428.113,"['Hit: hitbox 0, hitgroup -1, bone -1, solid 1, surfaceprop metalpanel, contents 400004c1, shape type: Mesh, face: 134']","['Hit: hitbox 0, hitgroup -1, bone -1, solid 1, surfaceprop concrete, contents 400004c1, shape type: Mesh, face: 7183']",confirmed repeated native first-hit ray span,"Diagnostic local ray span: diagonal route turns are not normal sections; cover, slope, cross-area hits and unknown playerclip ray-mask coverage preclude automatic whole-route minimum/architectural boundary acceptance."
ROUTE_BODY35_AXIS_SECTIONS_002,ROUTE_FLOOR_TSPAWN_OUTSIDE_TUNNELS_BOTH_05_001_BODY35,TSPAWN_OUTSIDE_TUNNELS_BOTH,ROUTE_FLOOR_TSPAWN_OUTSIDE_TUNNELS_BOTH_05_001,"[-2049.98, -402.26, 76.06]",35,X,"[-2081.45, -402.26, 111.06]","[-1792.0, -402.26, 111.06]",735.203,"['Hit: hitbox 0, hitgroup -1, bone -1, solid 1, surfaceprop concrete, contents 400004c1, shape type: Mesh, face: 5728']","['Hit: hitbox 0, hitgroup -1, bone -1, solid 1, surfaceprop concrete, contents 400004c1, shape type: Mesh, face: 5957']",confirmed repeated native first-hit ray span,"Diagnostic local ray span: diagonal route turns are not normal sections; cover, slope, cross-area hits and unknown playerclip ray-mask coverage preclude automatic whole-route minimum/architectural boundary acceptance."
ROUTE_BODY35_AXIS_SECTIONS_002,ROUTE_FLOOR_TSPAWN_OUTSIDE_TUNNELS_BOTH_06_001_BODY35,TSPAWN_OUTSIDE_TUNNELS_BOTH,ROUTE_FLOOR_TSPAWN_OUTSIDE_TUNNELS_BOTH_06_001,"[-1951.11, -4.46, 0.06]",35,X,"[-2047.72, -4.46, 35.06]","[-1453.43, -4.46, 35.06]",1509.4966,"['Hit: hitbox 0, hitgroup -1, bone -1, solid 1, surfaceprop concrete, contents 400004c1, shape type: Mesh, face: 6736']","['Hit: hitbox 0, hitgroup -1, bone -1, solid 1, surfaceprop metal_dumpster, contents 400004c1, shape type: Hull, face: -1']",confirmed repeated native first-hit ray span,"Diagnostic local ray span: diagonal route turns are not normal sections; cover, slope, cross-area hits and unknown playerclip ray-mask coverage preclude automatic whole-route minimum/architectural boundary acceptance."
ROUTE_BODY35_AXIS_SECTIONS_002,ROUTE_FLOOR_TSPAWN_OUTSIDE_TUNNELS_BOTH_07_001_BODY35,TSPAWN_OUTSIDE_TUNNELS_BOTH,ROUTE_FLOOR_TSPAWN_OUTSIDE_TUNNELS_BOTH_07_001,"[-1899.87, 401.02, 3.57]",35,X,"[-2176.01, 401.02, 38.57]","[-1292.43, 401.02, 38.57]",2244.2932,"['Hit: hitbox 0, hitgroup -1, bone -1, solid 1, surfaceprop concrete, contents 400004c1, shape type: Mesh, face: 26900']","['Hit: hitbox 0, hitgroup -1, bone -1, solid 1, surfaceprop concrete, contents 400004c1, shape type: Mesh, face: 40969']",confirmed repeated native first-hit ray span,"Diagnostic local ray span: diagonal route turns are not normal sections; cover, slope, cross-area hits and unknown playerclip ray-mask coverage preclude automatic whole-route minimum/architectural boundary acceptance."
ROUTE_BODY35_AXIS_SECTIONS_002,ROUTE_FLOOR_TSPAWN_OUTSIDE_TUNNELS_BOTH_08_001_BODY35,TSPAWN_OUTSIDE_TUNNELS_BOTH,ROUTE_FLOOR_TSPAWN_OUTSIDE_TUNNELS_BOTH_08_001,"[-1705.45, 591.17, 31.27]",35,Y,"[-1705.45, -128.0, 66.27]","[-1705.45, 1408.0, 66.27]",3901.44,"['Hit: hitbox 0, hitgroup -1, bone -1, solid 1, surfaceprop concrete, contents 400004c1, shape type: Mesh, face: 6048']","['Hit: hitbox 0, hitgroup -1, bone -1, solid 1, surfaceprop concrete, contents 400004c1, shape type: Mesh, face: 93044']",confirmed repeated native first-hit ray span,"Diagnostic local ray span: diagonal route turns are not normal sections; cover, slope, cross-area hits and unknown playerclip ray-mask coverage preclude automatic whole-route minimum/architectural boundary acceptance."
ROUTE_BODY35_AXIS_SECTIONS_002,ROUTE_FLOOR_OUTSIDE_UPPER_TUNNELS_BOTH_00_001_BODY35,OUTSIDE_UPPER_TUNNELS_BOTH,ROUTE_FLOOR_OUTSIDE_UPPER_TUNNELS_BOTH_00_001,"[-1700.0, 600.0, 31.07]",35,X,"[-2064.0, 600.0, 66.07]","[-1312.0, 600.0, 66.07]",1910.08,"['Hit: hitbox 0, hitgroup -1, bone -1, solid 1, surfaceprop concrete, contents 400004c1, shape type: Mesh, face: 32146']","['Hit: hitbox 0, hitgroup -1, bone -1, solid 1, surfaceprop concrete, contents 400004c1, shape type: Mesh, face: 42935']",confirmed repeated native first-hit ray span,"Diagnostic local ray span: diagonal route turns are not normal sections; cover, slope, cross-area hits and unknown playerclip ray-mask coverage preclude automatic whole-route minimum/architectural boundary acceptance."
ROUTE_BODY35_AXIS_SECTIONS_002,ROUTE_FLOOR_OUTSIDE_UPPER_TUNNELS_BOTH_01_001_BODY35,OUTSIDE_UPPER_TUNNELS_BOTH,ROUTE_FLOOR_OUTSIDE_UPPER_TUNNELS_BOTH_01_001,"[-1699.98, 776.36, 31.22]",35,X,"[-1728.0, 776.36, 66.22]","[-1600.0, 776.36, 66.22]",325.12,"['Hit: hitbox 0, hitgroup -1, bone -1, solid 1, surfaceprop concrete, contents 400004c1, shape type: Mesh, face: 39957']","['Hit: hitbox 0, hitgroup -1, bone -1, solid 1, surfaceprop concrete, contents 400004c1, shape type: Mesh, face: 40007']",confirmed repeated native first-hit ray span,"Diagnostic local ray span: diagonal route turns are not normal sections; cover, slope, cross-area hits and unknown playerclip ray-mask coverage preclude automatic whole-route minimum/architectural boundary acceptance."
ROUTE_BODY35_AXIS_SECTIONS_002,ROUTE_FLOOR_OUTSIDE_UPPER_TUNNELS_BOTH_02_001_BODY35,OUTSIDE_UPPER_TUNNELS_BOTH,ROUTE_FLOOR_OUTSIDE_UPPER_TUNNELS_BOTH_02_001,"[-1699.99, 997.35, 31.0]",35,X,"[-1856.11, 997.35, 66.0]","[-1536.0, 997.35, 66.0]",813.0794,"['Hit: hitbox 0, hitgroup -1, bone -1, solid 1, surfaceprop concrete, contents 400004c1, shape type: Mesh, face: 40265']","['Hit: hitbox 0, hitgroup -1, bone -1, solid 1, surfaceprop concrete, contents 400004c1, shape type: Mesh, face: 40640']",confirmed repeated native first-hit ray span,"Diagnostic local ray span: diagonal route turns are not normal sections; cover, slope, cross-area hits and unknown playerclip ray-mask coverage preclude automatic whole-route minimum/architectural boundary acceptance."
ROUTE_BODY35_AXIS_SECTIONS_002,ROUTE_FLOOR_OUTSIDE_UPPER_TUNNELS_BOTH_03_001_BODY35,OUTSIDE_UPPER_TUNNELS_BOTH,ROUTE_FLOOR_OUTSIDE_UPPER_TUNNELS_BOTH_03_001,"[-1595.21, 1104.9, 33.08]",35,X,"[-2208.0, 1104.9, 68.08]","[-1061.48, 1104.9, 68.08]",2912.1608,"['Hit: hitbox 0, hitgroup -1, bone -1, solid 1, surfaceprop concrete, contents 400004c1, shape type: Mesh, face: 90360']","['Hit: hitbox 0, hitgroup -1, bone -1, solid 1, surfaceprop concrete, contents 400004c1, shape type: Mesh, face: 99300']",confirmed repeated native first-hit ray span,"Diagnostic local ray span: diagonal route turns are not normal sections; cover, slope, cross-area hits and unknown playerclip ray-mask coverage preclude automatic whole-route minimum/architectural boundary acceptance."
ROUTE_BODY35_AXIS_SECTIONS_002,ROUTE_FLOOR_OUTSIDE_UPPER_TUNNELS_BOTH_04_001_BODY35,OUTSIDE_UPPER_TUNNELS_BOTH,ROUTE_FLOOR_OUTSIDE_UPPER_TUNNELS_BOTH_04_001,"[-1599.83, 1196.52, 32.57]",35,Y,"[-1599.83, 964.11, 67.57]","[-1599.83, 1280.0, 67.57]",802.3606,"['Hit: hitbox 0, hitgroup -1, bone -1, solid 1, surfaceprop concrete, contents 400004c1, shape type: Hull, face: -1']","['Hit: hitbox 0, hitgroup -1, bone -1, solid 1, surfaceprop concrete, contents 400004c1, shape type: Mesh, face: 92070']",confirmed repeated native first-hit ray span,"Diagnostic local ray span: diagonal route turns are not normal sections; cover, slope, cross-area hits and unknown playerclip ray-mask coverage preclude automatic whole-route minimum/architectural boundary acceptance."
ROUTE_BODY35_AXIS_SECTIONS_002,ROUTE_FLOOR_OUTSIDE_UPPER_TUNNELS_BOTH_05_001_BODY35,OUTSIDE_UPPER_TUNNELS_BOTH,ROUTE_FLOOR_OUTSIDE_UPPER_TUNNELS_BOTH_05_001,"[-1947.56, 1199.98, 31.39]",35,Y,"[-1947.56, 1023.98, 66.39]","[-1947.56, 3017.33, 66.39]",5063.109,"['Hit: hitbox 0, hitgroup -1, bone -1, solid 1, surfaceprop concrete, contents 400004c1, shape type: Mesh, face: 91327']","['Hit: hitbox 0, hitgroup -1, bone -1, solid 1, surfaceprop Wood_Panel, contents 400004c1, shape type: Hull, face: -1']",confirmed repeated native first-hit ray span,"Diagnostic local ray span: diagonal route turns are not normal sections; cover, slope, cross-area hits and unknown playerclip ray-mask coverage preclude automatic whole-route minimum/architectural boundary acceptance."
ROUTE_BODY35_AXIS_SECTIONS_002,ROUTE_FLOOR_TOPMID_OUTSIDE_LONG_BOTH_00_001_BODY35,TOPMID_OUTSIDE_LONG_BOTH,ROUTE_FLOOR_TOPMID_OUTSIDE_LONG_BOTH_00_001,"[-450.0, 300.0, -3.87]",35,Y,"[-450.0, -60.97, 31.13]","[-450.0, 1590.53, 31.13]",4194.81,"['Hit: hitbox 0, hitgroup -1, bone -1, solid 1, surfaceprop Wood_Panel, contents 400004c1, shape type: Hull, face: -1']","['Hit: hitbox 0, hitgroup -1, bone -1, solid 1, surfaceprop Wood_Dense, contents 400004c1, shape type: Hull, face: -1']",confirmed repeated native first-hit ray span,"Diagnostic local ray span: diagonal route turns are not normal sections; cover, slope, cross-area hits and unknown playerclip ray-mask coverage preclude automatic whole-route minimum/architectural boundary acceptance."
ROUTE_BODY35_AXIS_SECTIONS_002,ROUTE_FLOOR_TOPMID_OUTSIDE_LONG_BOTH_01_001_BODY35,TOPMID_OUTSIDE_LONG_BOTH,ROUTE_FLOOR_TOPMID_OUTSIDE_LONG_BOTH_01_001,"[-196.75, 308.07, 2.16]",35,Y,"[-196.75, 288.0, 37.16]","[-196.75, 546.18, 37.16]",655.7772,"['Hit: hitbox 0, hitgroup -1, bone -1, solid 1, surfaceprop concrete, contents 400004c1, shape type: Mesh, face: 63967']","['Hit: hitbox 0, hitgroup -1, bone -1, solid 1, surfaceprop metal_sand_barrel, contents 400004c1, shape type: Hull, face: -1']",confirmed repeated native first-hit ray span,"Diagnostic local ray span: diagonal route turns are not normal sections; cover, slope, cross-area hits and unknown playerclip ray-mask coverage preclude automatic whole-route minimum/architectural boundary acceptance."
ROUTE_BODY35_AXIS_SECTIONS_002,ROUTE_FLOOR_TOPMID_OUTSIDE_LONG_BOTH_02_001_BODY35,TOPMID_OUTSIDE_LONG_BOTH,ROUTE_FLOOR_TOPMID_OUTSIDE_LONG_BOTH_02_001,"[35.42, 308.04, -0.52]",35,Y,"[35.42, 288.0, 34.48]","[35.42, 480.01, 34.48]",487.7054,"['Hit: hitbox 0, hitgroup -1, bone -1, solid 1, surfaceprop concrete, contents 400004c1, shape type: Mesh, face: 64778']","['Hit: hitbox 0, hitgroup -1, bone -1, solid 1, surfaceprop concrete, contents 400004c1, shape type: Mesh, face: 72122']",confirmed repeated native first-hit ray span,"Diagnostic local ray span: diagonal route turns are not normal sections; cover, slope, cross-area hits and unknown playerclip ray-mask coverage preclude automatic whole-route minimum/architectural boundary acceptance."
ROUTE_BODY35_AXIS_SECTIONS_002,ROUTE_FLOOR_TOPMID_OUTSIDE_LONG_BOTH_03_001_BODY35,TOPMID_OUTSIDE_LONG_BOTH,ROUTE_FLOOR_TOPMID_OUTSIDE_LONG_BOTH_03_001,"[300.93, 299.96, -0.89]",35,X,"[-721.03, 299.96, 34.11]","[469.26, 299.96, 34.11]",3023.3366,"['Hit: hitbox 0, hitgroup -1, bone -1, solid 1, surfaceprop metalpanel, contents 400004c1, shape type: Mesh, face: 48053']","['Hit: hitbox 0, hitgroup -1, bone -1, solid 1, surfaceprop concrete, contents 400004c1, shape type: Hull, face: -1']",confirmed repeated native first-hit ray span,"Diagnostic local ray span: diagonal route turns are not normal sections; cover, slope, cross-area hits and unknown playerclip ray-mask coverage preclude automatic whole-route minimum/architectural boundary acceptance."
ROUTE_BODY35_AXIS_SECTIONS_002,ROUTE_FLOOR_TOPMID_OUTSIDE_LONG_BOTH_04_001_BODY35,TOPMID_OUTSIDE_LONG_BOTH,ROUTE_FLOOR_TOPMID_OUTSIDE_LONG_BOTH_04_001,"[300.04, 8.1, -2.11]",35,X,"[117.0, 8.1, 32.89]","[611.07, 8.1, 32.89]",1254.9378,"['Hit: hitbox 0, hitgroup -1, bone -1, solid 1, surfaceprop metalpanel, contents 400004c1, shape type: Mesh, face: 67029']","['Hit: hitbox 0, hitgroup -1, bone -1, solid 1, surfaceprop metalvehicle, contents 400004c1, shape type: Hull, face: -1']",confirmed repeated native first-hit ray span,"Diagnostic local ray span: diagonal route turns are not normal sections; cover, slope, cross-area hits and unknown playerclip ray-mask coverage preclude automatic whole-route minimum/architectural boundary acceptance."
ROUTE_BODY35_AXIS_SECTIONS_002,ROUTE_FLOOR_LONG_CORNER_SIDE_PIT_BOTH_00_001_BODY35,LONG_CORNER_SIDE_PIT_BOTH,ROUTE_FLOOR_LONG_CORNER_SIDE_PIT_BOTH_00_001,"[1200.0, 950.0, -1.04]",35,Y,"[1200.0, 192.0, 33.96]","[1200.0, 1223.97, 33.96]",2621.2038,"['Hit: hitbox 0, hitgroup -1, bone -1, solid 1, surfaceprop concrete, contents 400004c1, shape type: Mesh, face: 86453']","['Hit: hitbox 0, hitgroup -1, bone -1, solid 1, surfaceprop metalpanel, contents 400004c1, shape type: Hull, face: -1']",confirmed repeated native first-hit ray span,"Diagnostic local ray span: diagonal route turns are not normal sections; cover, slope, cross-area hits and unknown playerclip ray-mask coverage preclude automatic whole-route minimum/architectural boundary acceptance."
ROUTE_BODY35_AXIS_SECTIONS_002,ROUTE_FLOOR_LONG_CORNER_SIDE_PIT_BOTH_01_001_BODY35,LONG_CORNER_SIDE_PIT_BOTH,ROUTE_FLOOR_LONG_CORNER_SIDE_PIT_BOTH_01_001,"[1488.11, 950.0, -8.24]",35,Y,"[1488.11, 320.0, 26.76]","[1488.11, 2431.03, 26.76]",5362.0162,"['Hit: hitbox 0, hitgroup -1, bone -1, solid 1, surfaceprop concrete, contents 400004c1, shape type: Mesh, face: 83042']","['Hit: hitbox 0, hitgroup -1, bone -1, solid 1, surfaceprop concrete, contents 400004c1, shape type: Mesh, face: 164459']",confirmed repeated native first-hit ray span,"Diagnostic local ray span: diagonal route turns are not normal sections; cover, slope, cross-area hits and unknown playerclip ray-mask coverage preclude automatic whole-route minimum/architectural boundary acceptance."
ROUTE_BODY35_AXIS_SECTIONS_002,ROUTE_FLOOR_LONG_CORNER_SIDE_PIT_BOTH_02_001_BODY35,LONG_CORNER_SIDE_PIT_BOTH,ROUTE_FLOOR_LONG_CORNER_SIDE_PIT_BOTH_02_001,"[1696.6, 950.0, -6.11]",35,Y,"[1696.6, 722.03, 28.89]","[1696.6, 1034.2, 28.89]",792.9118,"['Hit: hitbox 0, hitgroup -1, bone -1, solid 1, surfaceprop concrete, contents 400004c1, shape type: Hull, face: -1']","['Hit: hitbox 0, hitgroup -1, bone -1, solid 1, surfaceprop concrete, contents 400004c1, shape type: Mesh, face: 148583']",confirmed repeated native first-hit ray span,"Diagnostic local ray span: diagonal route turns are not normal sections; cover, slope, cross-area hits and unknown playerclip ray-mask coverage preclude automatic whole-route minimum/architectural boundary acceptance."
ROUTE_BODY35_AXIS_SECTIONS_002,ROUTE_FLOOR_LONG_CORNER_SIDE_PIT_BOTH_03_001_BODY35,LONG_CORNER_SIDE_PIT_BOTH,ROUTE_FLOOR_LONG_CORNER_SIDE_PIT_BOTH_03_001,"[1699.97, 801.14, -9.23]",35,X,"[841.81, 801.14, 25.77]","[2118.89, 801.14, 25.77]",3243.7832,"['Hit: hitbox 0, hitgroup -1, bone -1, solid 1, surfaceprop metal_sand_barrel, contents 400004c1, shape type: Hull, face: -1']","['Hit: hitbox 0, hitgroup -1, bone -1, solid 1, surfaceprop concrete, contents 400004c1, shape type: Mesh, face: 87996']",confirmed repeated native first-hit ray span,"Diagnostic local ray span: diagonal route turns are not normal sections; cover, slope, cross-area hits and unknown playerclip ray-mask coverage preclude automatic whole-route minimum/architectural boundary acceptance."
ROUTE_BODY35_AXIS_SECTIONS_002,ROUTE_FLOOR_LONG_CORNER_SIDE_PIT_BOTH_04_001_BODY35,LONG_CORNER_SIDE_PIT_BOTH,ROUTE_FLOOR_LONG_CORNER_SIDE_PIT_BOTH_04_001,"[1700.0, 651.02, 55.95]",35,X,"[960.0, 651.02, 90.95]","[1792.0, 651.02, 90.95]",2113.28,"['Hit: hitbox 0, hitgroup -1, bone -1, solid 1, surfaceprop concrete, contents 400004c1, shape type: Mesh, face: 85914']","['Hit: hitbox 0, hitgroup -1, bone -1, solid 1, surfaceprop concrete, contents 400004c1, shape type: Mesh, face: 87769']",confirmed repeated native first-hit ray span,"Diagnostic local ray span: diagonal route turns are not normal sections; cover, slope, cross-area hits and unknown playerclip ray-mask coverage preclude automatic whole-route minimum/architectural boundary acceptance."
ROUTE_BODY35_AXIS_SECTIONS_002,ROUTE_FLOOR_LONG_CORNER_SIDE_PIT_BOTH_05_001_BODY35,LONG_CORNER_SIDE_PIT_BOTH,ROUTE_FLOOR_LONG_CORNER_SIDE_PIT_BOTH_05_001,"[1699.99, 502.18, 55.11]",35,X,"[944.0, 502.18, 90.11]","[1792.0, 502.18, 90.11]",2153.92,"['Hit: hitbox 0, hitgroup -1, bone -1, solid 1, surfaceprop concrete, contents 400004c1, shape type: Mesh, face: 85341']","['Hit: hitbox 0, hitgroup -1, bone -1, solid 1, surfaceprop concrete, contents 400004c1, shape type: Mesh, face: 87759']",confirmed repeated native first-hit ray span,"Diagnostic local ray span: diagonal route turns are not normal sections; cover, slope, cross-area hits and unknown playerclip ray-mask coverage preclude automatic whole-route minimum/architectural boundary acceptance."
ROUTE_BODY35_AXIS_SECTIONS_002,ROUTE_FLOOR_SUICIDE_TOPMID_BOTH_00_001_BODY35,SUICIDE_TOPMID_BOTH,ROUTE_FLOOR_SUICIDE_TOPMID_BOTH_00_001,"[-450.0, -500.0, 0.55]",35,X,"[-512.0, -500.0, 35.55]","[395.15, -500.0, 35.55]",2304.161,"['Hit: hitbox 0, hitgroup -1, bone -1, solid 1, surfaceprop concrete, contents 400004c1, shape type: Mesh, face: 22604']","['Hit: hitbox 0, hitgroup -1, bone -1, solid 1, surfaceprop metalpanel, contents 400004c1, shape type: Mesh, face: 58688']",confirmed repeated native first-hit ray span,"Diagnostic local ray span: diagonal route turns are not normal sections; cover, slope, cross-area hits and unknown playerclip ray-mask coverage preclude automatic whole-route minimum/architectural boundary acceptance."
ROUTE_BODY35_AXIS_SECTIONS_002,ROUTE_FLOOR_SUICIDE_TOPMID_BOTH_01_001_BODY35,SUICIDE_TOPMID_BOTH,ROUTE_FLOOR_SUICIDE_TOPMID_BOTH_01_001,"[-399.74, -298.95, 0.62]",35,X,"[-512.0, -298.95, 35.62]","[-363.49, -298.95, 35.62]",377.2154,"['Hit: hitbox 0, hitgroup -1, bone -1, solid 1, surfaceprop concrete, contents 400004c1, shape type: Mesh, face: 22813']","['Hit: hitbox 0, hitgroup -1, bone -1, solid 1, surfaceprop Wood, contents 400004c1, shape type: Mesh, face: 60902']",confirmed repeated native first-hit ray span,"Diagnostic local ray span: diagonal route turns are not normal sections; cover, slope, cross-area hits and unknown playerclip ray-mask coverage preclude automatic whole-route minimum/architectural boundary acceptance."
ROUTE_BODY35_AXIS_SECTIONS_002,ROUTE_FLOOR_SUICIDE_TOPMID_BOTH_02_001_BODY35,SUICIDE_TOPMID_BOTH,ROUTE_FLOOR_SUICIDE_TOPMID_BOTH_02_001,"[-405.08, -97.63, -1.18]",35,X,"[-439.11, -97.63, 33.82]","[-384.0, -97.63, 33.82]",139.9794,"['Hit: hitbox 0, hitgroup -1, bone -1, solid 1, surfaceprop Wood_Panel, contents 400004c1, shape type: Hull, face: -1']","['Hit: hitbox 0, hitgroup -1, bone -1, solid 1, surfaceprop concrete, contents 400004c1, shape type: Mesh, face: 60251']",confirmed repeated native first-hit ray span,"Diagnostic local ray span: diagonal route turns are not normal sections; cover, slope, cross-area hits and unknown playerclip ray-mask coverage preclude automatic whole-route minimum/architectural boundary acceptance."
ROUTE_BODY35_AXIS_SECTIONS_002,ROUTE_FLOOR_SUICIDE_TOPMID_BOTH_03_001_BODY35,SUICIDE_TOPMID_BOTH,ROUTE_FLOOR_SUICIDE_TOPMID_BOTH_03_001,"[-405.08, 108.25, -0.76]",35,X,"[-511.96, 108.25, 34.24]","[-384.0, 108.25, 34.24]",325.0184,"['Hit: hitbox 0, hitgroup -1, bone -1, solid 1, surfaceprop concrete, contents 400004c1, shape type: Mesh, face: 22915']","['Hit: hitbox 0, hitgroup -1, bone -1, solid 1, surfaceprop concrete, contents 400004c1, shape type: Mesh, face: 61811']",confirmed repeated native first-hit ray span,"Diagnostic local ray span: diagonal route turns are not normal sections; cover, slope, cross-area hits and unknown playerclip ray-mask coverage preclude automatic whole-route minimum/architectural boundary acceptance."
ROUTE_BODY35_AXIS_SECTIONS_002,ROUTE_FLOOR_SUICIDE_TOPMID_BOTH_04_001_BODY35,SUICIDE_TOPMID_BOTH,ROUTE_FLOOR_SUICIDE_TOPMID_BOTH_04_001,"[-452.34, 310.0, -3.89]",35,X,"[-722.98, 310.0, 31.11]","[479.96, 310.0, 31.11]",3055.4676,"['Hit: hitbox 0, hitgroup -1, bone -1, solid 1, surfaceprop metalpanel, contents 400004c1, shape type: Mesh, face: 48055']","['Hit: hitbox 0, hitgroup -1, bone -1, solid 1, surfaceprop concrete, contents 400004c1, shape type: Mesh, face: 71205']",confirmed repeated native first-hit ray span,"Diagnostic local ray span: diagonal route turns are not normal sections; cover, slope, cross-area hits and unknown playerclip ray-mask coverage preclude automatic whole-route minimum/architectural boundary acceptance."
ROUTE_BODY64_AXIS_SECTIONS_003,ROUTE_FLOOR_B_DOORS_BOTH_00_001_BODY64,B_DOORS_BOTH,ROUTE_FLOOR_B_DOORS_BOTH_00_001,"[-1550.0, 2200.0, -2.59]",64,Y,"[-1550.0, 1717.77, 61.41]","[-1550.0, 2756.46, 61.41]",2638.2726,"['Hit: hitbox 0, hitgroup -1, bone -1, solid 1, surfaceprop metalpanel, contents 400004c1, shape type: Hull, face: -1']","['Hit: hitbox 0, hitgroup -1, bone -1, solid 1, surfaceprop dirt, contents 400004c1, shape type: Hull, face: -1']",confirmed repeated native first-hit ray span,"Diagnostic local ray span: diagonal route turns are not normal sections; cover, slope, cross-area hits and unknown playerclip ray-mask coverage preclude automatic whole-route minimum/architectural boundary acceptance."
ROUTE_BODY64_AXIS_SECTIONS_003,ROUTE_FLOOR_B_DOORS_BOTH_01_001_BODY64,B_DOORS_BOTH,ROUTE_FLOOR_B_DOORS_BOTH_01_001,"[-1449.51, 2200.0, -0.06]",64,Y,"[-1449.51, 1820.69, 63.94]","[-1449.51, 2585.76, 63.94]",1943.2778,"['Hit: hitbox 0, hitgroup -1, bone -1, solid 1, surfaceprop metalpanel, contents 400004c1, shape type: Hull, face: -1']","['Hit: hitbox 0, hitgroup -1, bone -1, solid 1, surfaceprop dirt, contents 400004c1, shape type: Hull, face: -1']",confirmed repeated native first-hit ray span,"Diagnostic local ray span: diagonal route turns are not normal sections; cover, slope, cross-area hits and unknown playerclip ray-mask coverage preclude automatic whole-route minimum/architectural boundary acceptance."
ROUTE_BODY64_AXIS_SECTIONS_003,ROUTE_FLOOR_B_DOORS_BOTH_02_001_BODY64,B_DOORS_BOTH,ROUTE_FLOOR_B_DOORS_BOTH_02_001,"[-1406.99, 2191.42, 0.0]",64,Y,"[-1406.99, 1862.76, 64.0]","[-1406.99, 2584.23, 64.0]",1832.5338,"['Hit: hitbox 0, hitgroup -1, bone -1, solid 1, surfaceprop metalpanel, contents 400004c1, shape type: Hull, face: -1']","['Hit: hitbox 0, hitgroup -1, bone -1, solid 1, surfaceprop Wood_Plank, contents 400004c1, shape type: Hull, face: -1']",confirmed repeated native first-hit ray span,"Diagnostic local ray span: diagonal route turns are not normal sections; cover, slope, cross-area hits and unknown playerclip ray-mask coverage preclude automatic whole-route minimum/architectural boundary acceptance."
ROUTE_BODY64_AXIS_SECTIONS_003,ROUTE_FLOOR_B_DOORS_BOTH_03_001_BODY64,B_DOORS_BOTH,ROUTE_FLOOR_B_DOORS_BOTH_03_001,"[-1311.18, 2191.2, 1.69]",64,Y,"[-1311.18, 2139.95, 65.69]","[-1311.18, 2297.7, 65.69]",400.685,"['Hit: hitbox 0, hitgroup -1, bone -1, solid 1, surfaceprop Wood_Dense, contents 400004c1, shape type: Hull, face: -1']","['Hit: hitbox 0, hitgroup -1, bone -1, solid 1, surfaceprop Wood_Dense, contents 400004c1, shape type: Hull, face: -1']",confirmed repeated native first-hit ray span,"Diagnostic local ray span: diagonal route turns are not normal sections; cover, slope, cross-area hits and unknown playerclip ray-mask coverage preclude automatic whole-route minimum/architectural boundary acceptance."
ROUTE_BODY64_AXIS_SECTIONS_003,ROUTE_FLOOR_B_DOORS_BOTH_04_001_BODY64,B_DOORS_BOTH,ROUTE_FLOOR_B_DOORS_BOTH_04_001,"[-1198.28, 2189.33, 2.5]",64,Y,"[-1198.28, 2048.01, 66.5]","[-1198.28, 2622.95, 66.5]",1460.3476,"['Hit: hitbox 0, hitgroup -1, bone -1, solid 1, surfaceprop concrete, contents 400004c1, shape type: Mesh, face: 106937']","['Hit: hitbox 0, hitgroup -1, bone -1, solid 1, surfaceprop gravel, contents 400004c1, shape type: Mesh, face: 125203']",confirmed repeated native first-hit ray span,"Diagnostic local ray span: diagonal route turns are not normal sections; cover, slope, cross-area hits and unknown playerclip ray-mask coverage preclude automatic whole-route minimum/architectural boundary acceptance."
ROUTE_BODY64_AXIS_SECTIONS_003,ROUTE_FLOOR_B_DOORS_BOTH_05_001_BODY64,B_DOORS_BOTH,ROUTE_FLOOR_B_DOORS_BOTH_05_001,"[-1054.76, 2199.65, -26.6]",64,Y,"[-1054.76, 2048.01, 37.4]","[-1054.76, 2607.24, 37.4]",1420.4442,"['Hit: hitbox 0, hitgroup -1, bone -1, solid 1, surfaceprop concrete, contents 400004c1, shape type: Mesh, face: 107109']","['Hit: hitbox 0, hitgroup -1, bone -1, solid 1, surfaceprop gravel, contents 400004c1, shape type: Mesh, face: 110075']",confirmed repeated native first-hit ray span,"Diagnostic local ray span: diagonal route turns are not normal sections; cover, slope, cross-area hits and unknown playerclip ray-mask coverage preclude automatic whole-route minimum/architectural boundary acceptance."
ROUTE_BODY64_AXIS_SECTIONS_003,ROUTE_FLOOR_B_DOORS_BOTH_06_001_BODY64,B_DOORS_BOTH,ROUTE_FLOOR_B_DOORS_BOTH_06_001,"[-805.16, 2248.99, -108.09]",64,Y,"[-805.16, 2048.0, -44.09]","[-805.16, 2587.29, -44.09]",1369.7966,"['Hit: hitbox 0, hitgroup -1, bone -1, solid 1, surfaceprop concrete, contents 400004c1, shape type: Mesh, face: 110412']","['Hit: hitbox 0, hitgroup -1, bone -1, solid 1, surfaceprop metalpanel, contents 400004c1, shape type: Hull, face: -1']",confirmed repeated native first-hit ray span,"Diagnostic local ray span: diagonal route turns are not normal sections; cover, slope, cross-area hits and unknown playerclip ray-mask coverage preclude automatic whole-route minimum/architectural boundary acceptance."
ROUTE_BODY64_AXIS_SECTIONS_003,ROUTE_FLOOR_B_DOORS_BOTH_07_001_BODY64,B_DOORS_BOTH,ROUTE_FLOOR_B_DOORS_BOTH_07_001,"[-499.08, 2300.15, -115.39]",64,Y,"[-499.08, 1624.25, -51.39]","[-499.08, 2460.5, -51.39]",2124.075,"['Hit: hitbox 0, hitgroup -1, bone -1, solid 1, surfaceprop Wood_Dense, contents 400004c1, shape type: Hull, face: -1']","['Hit: hitbox 0, hitgroup -1, bone -1, solid 1, surfaceprop metalvehicle, contents 400004c1, shape type: Hull, face: -1']",confirmed repeated native first-hit ray span,"Diagnostic local ray span: diagonal route turns are not normal sections; cover, slope, cross-area hits and unknown playerclip ray-mask coverage preclude automatic whole-route minimum/architectural boundary acceptance."
ROUTE_BODY64_AXIS_SECTIONS_003,ROUTE_FLOOR_SHORT_TOP_SITE_BOTH_00_001_BODY64,SHORT_TOP_SITE_BOTH,ROUTE_FLOOR_SHORT_TOP_SITE_BOTH_00_001,"[300.0, 1800.0, 95.51]",64,Y,"[300.0, 1344.0, 159.51]","[300.0, 2784.0, 159.51]",3657.6,"['Hit: hitbox 0, hitgroup -1, bone -1, solid 1, surfaceprop concrete, contents 400004c1, shape type: Mesh, face: 131465']","['Hit: hitbox 0, hitgroup -1, bone -1, solid 1, surfaceprop concrete, contents 400004c1, shape type: Mesh, face: 158079']",confirmed repeated native first-hit ray span,"Diagnostic local ray span: diagonal route turns are not normal sections; cover, slope, cross-area hits and unknown playerclip ray-mask coverage preclude automatic whole-route minimum/architectural boundary acceptance."
ROUTE_BODY64_AXIS_SECTIONS_003,ROUTE_FLOOR_SHORT_TOP_SITE_BOTH_01_001_BODY64,SHORT_TOP_SITE_BOTH,ROUTE_FLOOR_SHORT_TOP_SITE_BOTH_01_001,"[357.12, 1800.0, 95.17]",64,X,"[248.0, 1800.0, 159.17]","[512.0, 1800.0, 159.17]",670.56,"['Hit: hitbox 0, hitgroup -1, bone -1, solid 1, surfaceprop concrete, contents 400004c1, shape type: Mesh, face: 134280']","['Hit: hitbox 0, hitgroup -1, bone -1, solid 1, surfaceprop concrete, contents 400004c1, shape type: Mesh, face: 137199']",confirmed repeated native first-hit ray span,"Diagnostic local ray span: diagonal route turns are not normal sections; cover, slope, cross-area hits and unknown playerclip ray-mask coverage preclude automatic whole-route minimum/architectural boundary acceptance."
ROUTE_BODY64_AXIS_SECTIONS_003,ROUTE_FLOOR_SHORT_TOP_SITE_BOTH_02_001_BODY64,SHORT_TOP_SITE_BOTH,ROUTE_FLOOR_SHORT_TOP_SITE_BOTH_02_001,"[398.74, 1994.15, 95.75]",64,X,"[288.42, 1994.15, 159.75]","[512.0, 1994.15, 159.75]",567.8932,"['Hit: hitbox 0, hitgroup -1, bone -1, solid 1, surfaceprop concrete, contents 400004c1, shape type: Hull, face: -1']","['Hit: hitbox 0, hitgroup -1, bone -1, solid 1, surfaceprop concrete, contents 400004c1, shape type: Mesh, face: 159184']",confirmed repeated native first-hit ray span,"Diagnostic local ray span: diagonal route turns are not normal sections; cover, slope, cross-area hits and unknown playerclip ray-mask coverage preclude automatic whole-route minimum/architectural boundary acceptance."
ROUTE_BODY64_AXIS_SECTIONS_003,ROUTE_FLOOR_SHORT_TOP_SITE_BOTH_03_001_BODY64,SHORT_TOP_SITE_BOTH,ROUTE_FLOOR_SHORT_TOP_SITE_BOTH_03_001,"[499.88, 2252.05, 96.96]",64,X,"[256.0, 2252.05, 160.96]","[2357.0, 2252.05, 160.96]",5336.54,"['Hit: hitbox 0, hitgroup -1, bone -1, solid 1, surfaceprop concrete, contents 400004c1, shape type: Mesh, face: 157578']","['Hit: hitbox 0, hitgroup -1, bone -1, solid 1, surfaceprop concrete, contents 400004c1, shape type: Mesh, face: 167213']",confirmed repeated native first-hit ray span,"Diagnostic local ray span: diagonal route turns are not normal sections; cover, slope, cross-area hits and unknown playerclip ray-mask coverage preclude automatic whole-route minimum/architectural boundary acceptance."
ROUTE_BODY64_AXIS_SECTIONS_003,ROUTE_FLOOR_SHORT_TOP_SITE_BOTH_04_001_BODY64,SHORT_TOP_SITE_BOTH,ROUTE_FLOOR_SHORT_TOP_SITE_BOTH_04_001,"[499.97, 2475.55, 95.69]",64,X,"[256.0, 2475.55, 159.69]","[1005.31, 2475.55, 159.69]",1903.2474,"['Hit: hitbox 0, hitgroup -1, bone -1, solid 1, surfaceprop concrete, contents 400004c1, shape type: Mesh, face: 157839']","['Hit: hitbox 0, hitgroup -1, bone -1, solid 1, surfaceprop Wood_Panel, contents 400004c1, shape type: Hull, face: -1']",confirmed repeated native first-hit ray span,"Diagnostic local ray span: diagonal route turns are not normal sections; cover, slope, cross-area hits and unknown playerclip ray-mask coverage preclude automatic whole-route minimum/architectural boundary acceptance."
ROUTE_BODY64_AXIS_SECTIONS_003,ROUTE_FLOOR_SHORT_TOP_SITE_BOTH_05_001_BODY64,SHORT_TOP_SITE_BOTH,ROUTE_FLOOR_SHORT_TOP_SITE_BOTH_05_001,"[697.07, 2499.64, 95.33]",64,Y,"[697.07, 2047.94, 159.33]","[697.07, 2746.52, 159.33]",1774.3932,"['Hit: hitbox 0, hitgroup -1, bone -1, solid 1, surfaceprop concrete, contents 400004c1, shape type: Mesh, face: 159680']","['Hit: hitbox 0, hitgroup -1, bone -1, solid 1, surfaceprop Wood_Panel, contents 400004c1, shape type: Hull, face: -1']",confirmed repeated native first-hit ray span,"Diagnostic local ray span: diagonal route turns are not normal sections; cover, slope, cross-area hits and unknown playerclip ray-mask coverage preclude automatic whole-route minimum/architectural boundary acceptance."
ROUTE_BODY64_AXIS_SECTIONS_003,ROUTE_FLOOR_SHORT_TOP_SITE_BOTH_06_001_BODY64,SHORT_TOP_SITE_BOTH,ROUTE_FLOOR_SHORT_TOP_SITE_BOTH_06_001,"[951.43, 2500.0, 96.23]",64,Y,"[951.43, 2016.0, 160.23]","[951.43, 2784.0, 160.23]",1950.72,"['Hit: hitbox 0, hitgroup -1, bone -1, solid 1, surfaceprop concrete, contents 400004c1, shape type: Mesh, face: 161265']","['Hit: hitbox 0, hitgroup -1, bone -1, solid 1, surfaceprop concrete, contents 400004c1, shape type: Mesh, face: 162977']",confirmed repeated native first-hit ray span,"Diagnostic local ray span: diagonal route turns are not normal sections; cover, slope, cross-area hits and unknown playerclip ray-mask coverage preclude automatic whole-route minimum/architectural boundary acceptance."
ROUTE_BODY64_AXIS_SECTIONS_003,ROUTE_FLOOR_SHORT_TOP_SITE_BOTH_07_001_BODY64,SHORT_TOP_SITE_BOTH,ROUTE_FLOOR_SHORT_TOP_SITE_BOTH_07_001,"[950.13, 2727.23, 96.76]",64,X,"[734.97, 2727.23, 160.76]","[1632.0, 2727.23, 160.76]",2278.4562,"['Hit: hitbox 0, hitgroup -1, bone -1, solid 1, surfaceprop Wood_Panel, contents 400004c1, shape type: Hull, face: -1']","['Hit: hitbox 0, hitgroup -1, bone -1, solid 1, surfaceprop concrete, contents 400004c1, shape type: Mesh, face: 165161']",confirmed repeated native first-hit ray span,"Diagnostic local ray span: diagonal route turns are not normal sections; cover, slope, cross-area hits and unknown playerclip ray-mask coverage preclude automatic whole-route minimum/architectural boundary acceptance."
ROUTE_BODY64_AXIS_SECTIONS_003,ROUTE_FLOOR_TOPMID_CATWALK_BOTH_00_001_BODY64,TOPMID_CATWALK_BOTH,ROUTE_FLOOR_TOPMID_CATWALK_BOTH_00_001,"[-450.0, 300.0, -3.87]",64,Y,"[-450.0, -60.97, 60.13]","[-450.0, 1614.98, 60.13]",4256.913,"['Hit: hitbox 0, hitgroup -1, bone -1, solid 1, surfaceprop Wood_Panel, contents 400004c1, shape type: Hull, face: -1']","['Hit: hitbox 0, hitgroup -1, bone -1, solid 1, surfaceprop Wood_Dense, contents 400004c1, shape type: Hull, face: -1']",confirmed repeated native first-hit ray span,"Diagnostic local ray span: diagonal route turns are not normal sections; cover, slope, cross-area hits and unknown playerclip ray-mask coverage preclude automatic whole-route minimum/architectural boundary acceptance."
ROUTE_BODY64_AXIS_SECTIONS_003,ROUTE_FLOOR_TOPMID_CATWALK_BOTH_01_001_BODY64,TOPMID_CATWALK_BOTH,ROUTE_FLOOR_TOPMID_CATWALK_BOTH_01_001,"[-137.55, 504.88, -0.51]",64,Y,"[-137.55, 291.24, 63.49]","[-137.55, 1535.69, 63.49]",3160.903,"['Hit: hitbox 0, hitgroup -1, bone -1, solid 1, surfaceprop Wood, contents 400004c1, shape type: Hull, face: -1']","['Hit: hitbox 0, hitgroup -1, bone -1, solid 1, surfaceprop concrete, contents 400004c1, shape type: Hull, face: -1']",confirmed repeated native first-hit ray span,"Diagnostic local ray span: diagonal route turns are not normal sections; cover, slope, cross-area hits and unknown playerclip ray-mask coverage preclude automatic whole-route minimum/architectural boundary acceptance."
ROUTE_BODY64_AXIS_SECTIONS_003,ROUTE_FLOOR_TOPMID_CATWALK_BOTH_02_001_BODY64,TOPMID_CATWALK_BOTH,ROUTE_FLOOR_TOPMID_CATWALK_BOTH_02_001,"[-149.07, 598.9, 0.64]",64,X,"[-651.0, 598.9, 64.64]","[-128.0, 598.9, 64.64]",1328.42,"['Hit: hitbox 0, hitgroup -1, bone -1, solid 1, surfaceprop metalpanel, contents 400004c1, shape type: Mesh, face: 48354']","['Hit: hitbox 0, hitgroup -1, bone -1, solid 1, surfaceprop concrete, contents 400004c1, shape type: Mesh, face: 69994']",confirmed repeated native first-hit ray span,"Diagnostic local ray span: diagonal route turns are not normal sections; cover, slope, cross-area hits and unknown playerclip ray-mask coverage preclude automatic whole-route minimum/architectural boundary acceptance."
ROUTE_BODY64_AXIS_SECTIONS_003,ROUTE_FLOOR_TOPMID_CATWALK_BOTH_03_001_BODY64,TOPMID_CATWALK_BOTH,ROUTE_FLOOR_TOPMID_CATWALK_BOTH_03_001,"[-180.01, 800.01, 1.34]",64,X,"[-512.0, 800.01, 65.34]","[-128.0, 800.01, 65.34]",975.36,"['Hit: hitbox 0, hitgroup -1, bone -1, solid 1, surfaceprop concrete, contents 400004c1, shape type: Mesh, face: 50355']","['Hit: hitbox 0, hitgroup -1, bone -1, solid 1, surfaceprop concrete, contents 400004c1, shape type: Mesh, face: 70876']",confirmed repeated native first-hit ray span,"Diagnostic local ray span: diagonal route turns are not normal sections; cover, slope, cross-area hits and unknown playerclip ray-mask coverage preclude automatic whole-route minimum/architectural boundary acceptance."
ROUTE_BODY64_AXIS_SECTIONS_003,ROUTE_FLOOR_TOPMID_CATWALK_BOTH_04_001_BODY64,TOPMID_CATWALK_BOTH,ROUTE_FLOOR_TOPMID_CATWALK_BOTH_04_001,"[-179.99, 1086.87, 0.01]",64,X,"[-544.0, 1086.87, 64.01]","[-128.0, 1086.87, 64.01]",1056.64,"['Hit: hitbox 0, hitgroup -1, bone -1, solid 1, surfaceprop concrete, contents 400004c1, shape type: Mesh, face: 101629']","['Hit: hitbox 0, hitgroup -1, bone -1, solid 1, surfaceprop concrete, contents 400004c1, shape type: Mesh, face: 103301']",confirmed repeated native first-hit ray span,"Diagnostic local ray span: diagonal route turns are not normal sections; cover, slope, cross-area hits and unknown playerclip ray-mask coverage preclude automatic whole-route minimum/architectural boundary acceptance."
ROUTE_BODY64_AXIS_SECTIONS_003,ROUTE_FLOOR_TOPMID_CATWALK_BOTH_05_001_BODY64,TOPMID_CATWALK_BOTH,ROUTE_FLOOR_TOPMID_CATWALK_BOTH_05_001,"[-180.0, 1404.62, -0.4]",64,Y,"[-180.0, 288.0, 63.6]","[-180.0, 1536.0, 63.6]",3169.92,"['Hit: hitbox 0, hitgroup -1, bone -1, solid 1, surfaceprop concrete, contents 400004c1, shape type: Mesh, face: 63972']","['Hit: hitbox 0, hitgroup -1, bone -1, solid 1, surfaceprop concrete, contents 400004c1, shape type: Hull, face: -1']",confirmed repeated native first-hit ray span,"Diagnostic local ray span: diagonal route turns are not normal sections; cover, slope, cross-area hits and unknown playerclip ray-mask coverage preclude automatic whole-route minimum/architectural boundary acceptance."
ROUTE_BODY64_AXIS_SECTIONS_003,ROUTE_FLOOR_TOPMID_CATWALK_BOTH_06_001_BODY64,TOPMID_CATWALK_BOTH,ROUTE_FLOOR_TOPMID_CATWALK_BOTH_06_001,"[249.48, 1400.02, -0.14]",64,Y,"[249.48, 1328.0, 63.86]","[249.48, 1536.45, 63.86]",529.463,"['Hit: hitbox 0, hitgroup -1, bone -1, solid 1, surfaceprop concrete, contents 400004c1, shape type: Mesh, face: 130003']","['Hit: hitbox 0, hitgroup -1, bone -1, solid 1, surfaceprop concrete, contents 400004c1, shape type: Hull, face: -1']",confirmed repeated native first-hit ray span,"Diagnostic local ray span: diagonal route turns are not normal sections; cover, slope, cross-area hits and unknown playerclip ray-mask coverage preclude automatic whole-route minimum/architectural boundary acceptance."
ROUTE_BODY64_AXIS_SECTIONS_003,ROUTE_FLOOR_MID_DOORS_BOTH_00_001_BODY64,MID_DOORS_BOTH,ROUTE_FLOOR_MID_DOORS_BOTH_00_001,"[-420.0, 1300.0, -122.99]",64,X,"[-512.0, 1300.0, -58.99]","[-256.48, 1300.0, -58.99]",649.0208,"['Hit: hitbox 0, hitgroup -1, bone -1, solid 1, surfaceprop concrete, contents 400004c1, shape type: Mesh, face: 101795']","['Hit: hitbox 0, hitgroup -1, bone -1, solid 1, surfaceprop concrete, contents 400004c1, shape type: Mesh, face: 103055']",confirmed repeated native first-hit ray span,"Diagnostic local ray span: diagonal route turns are not normal sections; cover, slope, cross-area hits and unknown playerclip ray-mask coverage preclude automatic whole-route minimum/architectural boundary acceptance."
ROUTE_BODY64_AXIS_SECTIONS_003,ROUTE_FLOOR_MID_DOORS_BOTH_01_001_BODY64,MID_DOORS_BOTH,ROUTE_FLOOR_MID_DOORS_BOTH_01_001,"[-372.12, 1496.03, -126.3]",64,X,"[-507.03, 1496.03, -62.3]","[-256.76, 1496.03, -62.3]",635.6858,"['Hit: hitbox 0, hitgroup -1, bone -1, solid 1, surfaceprop concrete, contents 400004c1, shape type: Hull, face: -1']","['Hit: hitbox 0, hitgroup -1, bone -1, solid 1, surfaceprop concrete, contents 400004c1, shape type: Mesh, face: 103056']",confirmed repeated native first-hit ray span,"Diagnostic local ray span: diagonal route turns are not normal sections; cover, slope, cross-area hits and unknown playerclip ray-mask coverage preclude automatic whole-route minimum/architectural boundary acceptance."
ROUTE_BODY64_AXIS_SECTIONS_003,ROUTE_FLOOR_MID_DOORS_BOTH_02_001_BODY64,MID_DOORS_BOTH,ROUTE_FLOOR_MID_DOORS_BOTH_02_001,"[-370.12, 1585.26, -126.91]",64,X,"[-424.73, 1585.26, -62.91]","[-319.39, 1585.26, -62.91]",267.5636,"['Hit: hitbox 0, hitgroup -1, bone -1, solid 1, surfaceprop Wood_Dense, contents 400004c1, shape type: Hull, face: -1']","['Hit: hitbox 0, hitgroup -1, bone -1, solid 1, surfaceprop concrete, contents 400004c1, shape type: Hull, face: -1']",confirmed repeated native first-hit ray span,"Diagnostic local ray span: diagonal route turns are not normal sections; cover, slope, cross-area hits and unknown playerclip ray-mask coverage preclude automatic whole-route minimum/architectural boundary acceptance."
ROUTE_BODY64_AXIS_SECTIONS_003,ROUTE_FLOOR_MID_DOORS_BOTH_03_001_BODY64,MID_DOORS_BOTH,ROUTE_FLOOR_MID_DOORS_BOTH_03_001,"[-445.31, 1633.39, -126.21]",64,X,"[-508.7, 1633.39, -62.21]","[-353.55, 1633.39, -62.21]",394.081,"['Hit: hitbox 0, hitgroup -1, bone -1, solid 1, surfaceprop Wood_Dense, contents 400004c1, shape type: Hull, face: -1']","['Hit: hitbox 0, hitgroup -1, bone -1, solid 1, surfaceprop Wood_Dense, contents 400004c1, shape type: Hull, face: -1']",confirmed repeated native first-hit ray span,"Diagnostic local ray span: diagonal route turns are not normal sections; cover, slope, cross-area hits and unknown playerclip ray-mask coverage preclude automatic whole-route minimum/architectural boundary acceptance."
ROUTE_BODY64_AXIS_SECTIONS_003,ROUTE_FLOOR_MID_DOORS_BOTH_04_001_BODY64,MID_DOORS_BOTH,ROUTE_FLOOR_MID_DOORS_BOTH_04_001,"[-420.81, 1746.27, -127.69]",64,X,"[-587.17, 1746.27, -63.69]","[-256.09, 1746.27, -63.69]",840.9432,"['Hit: hitbox 0, hitgroup -1, bone -1, solid 1, surfaceprop concrete, contents 400004c1, shape type: Hull, face: -1']","['Hit: hitbox 0, hitgroup -1, bone -1, solid 1, surfaceprop concrete, contents 400004c1, shape type: Mesh, face: 105946']",confirmed repeated native first-hit ray span,"Diagnostic local ray span: diagonal route turns are not normal sections; cover, slope, cross-area hits and unknown playerclip ray-mask coverage preclude automatic whole-route minimum/architectural boundary acceptance."
ROUTE_BODY64_AXIS_SECTIONS_003,ROUTE_FLOOR_MID_DOORS_BOTH_05_001_BODY64,MID_DOORS_BOTH,ROUTE_FLOOR_MID_DOORS_BOTH_05_001,"[-499.88, 1899.73, -123.37]",64,X,"[-624.0, 1899.73, -59.37]","[-320.13, 1899.73, -59.37]",771.8298,"['Hit: hitbox 0, hitgroup -1, bone -1, solid 1, surfaceprop concrete, contents 400004c1, shape type: Mesh, face: 111474']","['Hit: hitbox 0, hitgroup -1, bone -1, solid 1, surfaceprop concrete, contents 400004c1, shape type: Hull, face: -1']",confirmed repeated native first-hit ray span,"Diagnostic local ray span: diagonal route turns are not normal sections; cover, slope, cross-area hits and unknown playerclip ray-mask coverage preclude automatic whole-route minimum/architectural boundary acceptance."
ROUTE_BODY64_AXIS_SECTIONS_003,ROUTE_FLOOR_MID_DOORS_BOTH_06_001_BODY64,MID_DOORS_BOTH,ROUTE_FLOOR_MID_DOORS_BOTH_06_001,"[-499.97, 2133.22, -125.7]",64,X,"[-963.62, 2133.22, -61.7]","[773.17, 2133.22, -61.7]",4411.4466,"['Hit: hitbox 0, hitgroup -1, bone -1, solid 1, surfaceprop gravel, contents 400004c1, shape type: Mesh, face: 110509']","['Hit: hitbox 0, hitgroup -1, bone -1, solid 1, surfaceprop sand, contents 400004c1, shape type: Mesh, face: 161805']",confirmed repeated native first-hit ray span,"Diagnostic local ray span: diagonal route turns are not normal sections; cover, slope, cross-area hits and unknown playerclip ray-mask coverage preclude automatic whole-route minimum/architectural boundary acceptance."
ROUTE_BODY64_AXIS_SECTIONS_003,ROUTE_FLOOR_MID_DOORS_BOTH_07_001_BODY64,MID_DOORS_BOTH,ROUTE_FLOOR_MID_DOORS_BOTH_07_001,"[-500.01, 2304.6, -114.95]",64,X,"[-992.42, 2304.6, -50.95]","[-257.78, 2304.6, -50.95]",1865.9856,"['Hit: hitbox 0, hitgroup -1, bone -1, solid 1, surfaceprop gravel, contents 400004c1, shape type: Mesh, face: 110666']","['Hit: hitbox 0, hitgroup -1, bone -1, solid 1, surfaceprop Wood_Dense, contents 400004c1, shape type: Hull, face: -1']",confirmed repeated native first-hit ray span,"Diagnostic local ray span: diagonal route turns are not normal sections; cover, slope, cross-area hits and unknown playerclip ray-mask coverage preclude automatic whole-route minimum/architectural boundary acceptance."
ROUTE_BODY64_AXIS_SECTIONS_003,ROUTE_FLOOR_TOPMID_MID_BOTH_00_001_BODY64,TOPMID_MID_BOTH,ROUTE_FLOOR_TOPMID_MID_BOTH_00_001,"[-450.0, 300.0, -3.87]",64,X,"[-721.04, 300.0, 60.13]","[468.6, 300.0, 60.13]",3021.6856,"['Hit: hitbox 0, hitgroup -1, bone -1, solid 1, surfaceprop metalpanel, contents 400004c1, shape type: Mesh, face: 48056']","['Hit: hitbox 0, hitgroup -1, bone -1, solid 1, surfaceprop concrete, contents 400004c1, shape type: Hull, face: -1']",confirmed repeated native first-hit ray span,"Diagnostic local ray span: diagonal route turns are not normal sections; cover, slope, cross-area hits and unknown playerclip ray-mask coverage preclude automatic whole-route minimum/architectural boundary acceptance."
ROUTE_BODY64_AXIS_SECTIONS_003,ROUTE_FLOOR_TOPMID_MID_BOTH_01_001_BODY64,TOPMID_MID_BOTH,ROUTE_FLOOR_TOPMID_MID_BOTH_01_001,"[-450.0, 505.99, -2.71]",64,X,"[-750.73, 505.99, 61.29]","[-89.77, 505.99, 61.29]",1678.8384,"['Hit: hitbox 0, hitgroup -1, bone -1, solid 1, surfaceprop concrete, contents 400004c1, shape type: Mesh, face: 47831']","['Hit: hitbox 0, hitgroup -1, bone -1, solid 1, surfaceprop concrete, contents 400004c1, shape type: Mesh, face: 74693']",confirmed repeated native first-hit ray span,"Diagnostic local ray span: diagonal route turns are not normal sections; cover, slope, cross-area hits and unknown playerclip ray-mask coverage preclude automatic whole-route minimum/architectural boundary acceptance."
ROUTE_BODY64_AXIS_SECTIONS_003,ROUTE_FLOOR_TOPMID_MID_BOTH_02_001_BODY64,TOPMID_MID_BOTH,ROUTE_FLOOR_TOPMID_MID_BOTH_02_001,"[-403.63, 732.27, -0.0]",64,X,"[-511.55, 732.27, 64.0]","[-128.0, 732.27, 64.0]",974.217,"['Hit: hitbox 0, hitgroup -1, bone -1, solid 1, surfaceprop concrete, contents 400004c1, shape type: Mesh, face: 50310']","['Hit: hitbox 0, hitgroup -1, bone -1, solid 1, surfaceprop concrete, contents 400004c1, shape type: Mesh, face: 70222']",confirmed repeated native first-hit ray span,"Diagnostic local ray span: diagonal route turns are not normal sections; cover, slope, cross-area hits and unknown playerclip ray-mask coverage preclude automatic whole-route minimum/architectural boundary acceptance."
ROUTE_BODY64_AXIS_SECTIONS_003,ROUTE_FLOOR_TOPMID_MID_BOTH_03_001_BODY64,TOPMID_MID_BOTH,ROUTE_FLOOR_TOPMID_MID_BOTH_03_001,"[-400.09, 994.13, -56.49]",64,X,"[-544.0, 994.13, 7.51]","[-255.01, 994.13, 7.51]",734.0346,"['Hit: hitbox 0, hitgroup -1, bone -1, solid 1, surfaceprop concrete, contents 400004c1, shape type: Mesh, face: 51217']","['Hit: hitbox 0, hitgroup -1, bone -1, solid 1, surfaceprop concrete, contents 400004c1, shape type: Mesh, face: 103070']",confirmed repeated native first-hit ray span,"Diagnostic local ray span: diagonal route turns are not normal sections; cover, slope, cross-area hits and unknown playerclip ray-mask coverage preclude automatic whole-route minimum/architectural boundary acceptance."
ROUTE_BODY64_AXIS_SECTIONS_003,ROUTE_FLOOR_TOPMID_MID_BOTH_04_001_BODY64,TOPMID_MID_BOTH,ROUTE_FLOOR_TOPMID_MID_BOTH_04_001,"[-419.03, 1285.33, -121.98]",64,X,"[-512.0, 1285.33, -57.98]","[-256.64, 1285.33, -57.98]",648.6144,"['Hit: hitbox 0, hitgroup -1, bone -1, solid 1, surfaceprop concrete, contents 400004c1, shape type: Mesh, face: 101795']","['Hit: hitbox 0, hitgroup -1, bone -1, solid 1, surfaceprop concrete, contents 400004c1, shape type: Mesh, face: 103055']",confirmed repeated native first-hit ray span,"Diagnostic local ray span: diagonal route turns are not normal sections; cover, slope, cross-area hits and unknown playerclip ray-mask coverage preclude automatic whole-route minimum/architectural boundary acceptance."
ROUTE_BODY64_AXIS_SECTIONS_003,ROUTE_FLOOR_CTMID_CTSPAWN_BOTH_00_001_BODY64,CTMID_CTSPAWN_BOTH,ROUTE_FLOOR_CTMID_CTSPAWN_BOTH_00_001,"[-500.0, 2300.0, -115.43]",64,X,"[-992.24, 2300.0, -51.43]","[-257.78, 2300.0, -51.43]",1865.5284,"['Hit: hitbox 0, hitgroup -1, bone -1, solid 1, surfaceprop concrete, contents 400004c1, shape type: Mesh, face: 110665']","['Hit: hitbox 0, hitgroup -1, bone -1, solid 1, surfaceprop Wood_Dense, contents 400004c1, shape type: Hull, face: -1']",confirmed repeated native first-hit ray span,"Diagnostic local ray span: diagonal route turns are not normal sections; cover, slope, cross-area hits and unknown playerclip ray-mask coverage preclude automatic whole-route minimum/architectural boundary acceptance."
ROUTE_BODY64_AXIS_SECTIONS_003,ROUTE_FLOOR_CTMID_CTSPAWN_BOTH_01_001_BODY64,CTMID_CTSPAWN_BOTH,ROUTE_FLOOR_CTMID_CTSPAWN_BOTH_01_001,"[-397.25, 2094.5, -129.27]",64,Y,"[-397.25, 1664.38, -65.27]","[-397.25, 2457.38, -65.27]",2014.22,"['Hit: hitbox 0, hitgroup -1, bone -1, solid 1, surfaceprop Wood_Dense, contents 400004c1, shape type: Hull, face: -1']","['Hit: hitbox 0, hitgroup -1, bone -1, solid 1, surfaceprop metalvehicle, contents 400004c1, shape type: Hull, face: -1']",confirmed repeated native first-hit ray span,"Diagnostic local ray span: diagonal route turns are not normal sections; cover, slope, cross-area hits and unknown playerclip ray-mask coverage preclude automatic whole-route minimum/architectural boundary acceptance."
ROUTE_BODY64_AXIS_SECTIONS_003,ROUTE_FLOOR_CTMID_CTSPAWN_BOTH_02_001_BODY64,CTMID_CTSPAWN_BOTH,ROUTE_FLOOR_CTMID_CTSPAWN_BOTH_02_001,"[-107.91, 2099.85, -126.2]",64,Y,"[-107.91, 2056.24, -62.2]","[-107.91, 2234.13, -62.2]",451.8406,"['Hit: hitbox 0, hitgroup -1, bone -1, solid 1, surfaceprop Wood_Panel, contents 400004c1, shape type: Hull, face: -1']","['Hit: hitbox 0, hitgroup -1, bone -1, solid 1, surfaceprop Wood_Panel, contents 400004c1, shape type: Hull, face: -1']",confirmed repeated native first-hit ray span,"Diagnostic local ray span: diagonal route turns are not normal sections; cover, slope, cross-area hits and unknown playerclip ray-mask coverage preclude automatic whole-route minimum/architectural boundary acceptance."
ROUTE_BODY64_AXIS_SECTIONS_003,ROUTE_FLOOR_CTMID_CTSPAWN_BOTH_03_001_BODY64,CTMID_CTSPAWN_BOTH,ROUTE_FLOOR_CTMID_CTSPAWN_BOTH_03_001,"[95.59, 2099.99, -123.73]",64,X,"[-953.88, 2099.99, -59.73]","[767.97, 2099.99, -59.73]",4373.499,"['Hit: hitbox 0, hitgroup -1, bone -1, solid 1, surfaceprop gravel, contents 400004c1, shape type: Mesh, face: 110514']","['Hit: hitbox 0, hitgroup -1, bone -1, solid 1, surfaceprop concrete, contents 400004c1, shape type: Hull, face: -1']",confirmed repeated native first-hit ray span,"Diagnostic local ray span: diagonal route turns are not normal sections; cover, slope, cross-area hits and unknown playerclip ray-mask coverage preclude automatic whole-route minimum/architectural boundary acceptance."
ROUTE_BODY64_AXIS_SECTIONS_003,ROUTE_FLOOR_CTMID_CTSPAWN_BOTH_04_001_BODY64,CTMID_CTSPAWN_BOTH,ROUTE_FLOOR_CTMID_CTSPAWN_BOTH_04_001,"[159.85, 2369.4, -120.63]",64,X,"[41.94, 2369.4, -56.63]","[512.32, 2369.4, -56.63]",1194.7652,"['Hit: hitbox 0, hitgroup -1, bone -1, solid 1, surfaceprop Wood_Plank, contents 400004c1, shape type: Hull, face: -1']","['Hit: hitbox 0, hitgroup -1, bone -1, solid 1, surfaceprop concrete, contents 400004c1, shape type: Mesh, face: 161621']",confirmed repeated native first-hit ray span,"Diagnostic local ray span: diagonal route turns are not normal sections; cover, slope, cross-area hits and unknown playerclip ray-mask coverage preclude automatic whole-route minimum/architectural boundary acceptance."
ROUTE_BODY64_AXIS_SECTIONS_003,ROUTE_FLOOR_CTSPAWN_UNDERA_LONG_BOTH_00_001_BODY64,CTSPAWN_UNDERA_LONG_BOTH,ROUTE_FLOOR_CTSPAWN_UNDERA_LONG_BOTH_00_001,"[160.0, 2370.0, -120.64]",64,X,"[32.16, 2370.0, -56.64]","[512.18, 2370.0, -56.64]",1219.2508,"['Hit: hitbox 0, hitgroup -1, bone -1, solid 1, surfaceprop concrete, contents 400004c1, shape type: Mesh, face: 157481']","['Hit: hitbox 0, hitgroup -1, bone -1, solid 1, surfaceprop concrete, contents 400004c1, shape type: Mesh, face: 161621']",confirmed repeated native first-hit ray span,"Diagnostic local ray span: diagonal route turns are not normal sections; cover, slope, cross-area hits and unknown playerclip ray-mask coverage preclude automatic whole-route minimum/architectural boundary acceptance."
ROUTE_BODY64_AXIS_SECTIONS_003,ROUTE_FLOOR_CTSPAWN_UNDERA_LONG_BOTH_01_001_BODY64,CTSPAWN_UNDERA_LONG_BOTH,ROUTE_FLOOR_CTSPAWN_UNDERA_LONG_BOTH_01_001,"[160.0, 2152.74, -124.44]",64,Y,"[160.0, 2030.98, -60.44]","[160.0, 2559.65, -60.44]",1342.8218,"['Hit: hitbox 0, hitgroup -1, bone -1, solid 1, surfaceprop concrete, contents 400004c1, shape type: Mesh, face: 156134']","['Hit: hitbox 0, hitgroup -1, bone -1, solid 1, surfaceprop concrete, contents 400004c1, shape type: Mesh, face: 157722']",confirmed repeated native first-hit ray span,"Diagnostic local ray span: diagonal route turns are not normal sections; cover, slope, cross-area hits and unknown playerclip ray-mask coverage preclude automatic whole-route minimum/architectural boundary acceptance."
ROUTE_BODY64_AXIS_SECTIONS_003,ROUTE_FLOOR_CTSPAWN_UNDERA_LONG_BOTH_02_001_BODY64,CTSPAWN_UNDERA_LONG_BOTH,ROUTE_FLOOR_CTSPAWN_UNDERA_LONG_BOTH_02_001,"[390.99, 2150.13, -127.69]",64,Y,"[390.99, 2033.41, -63.69]","[390.99, 2563.23, -63.69]",1345.7428,"['Hit: hitbox 0, hitgroup -1, bone -1, solid 1, surfaceprop concrete, contents 400004c1, shape type: Mesh, face: 156202']","['Hit: hitbox 0, hitgroup -1, bone -1, solid 1, surfaceprop Wood_Dense, contents 400004c1, shape type: Hull, face: -1']",confirmed repeated native first-hit ray span,"Diagnostic local ray span: diagonal route turns are not normal sections; cover, slope, cross-area hits and unknown playerclip ray-mask coverage preclude automatic whole-route minimum/architectural boundary acceptance."
ROUTE_BODY64_AXIS_SECTIONS_003,ROUTE_FLOOR_CTSPAWN_UNDERA_LONG_BOTH_03_001_BODY64,CTSPAWN_UNDERA_LONG_BOTH,ROUTE_FLOOR_CTSPAWN_UNDERA_LONG_BOTH_03_001,"[595.78, 2150.01, -109.76]",64,Y,"[595.78, 2048.01, -45.76]","[595.78, 2294.66, -45.76]",626.491,"['Hit: hitbox 0, hitgroup -1, bone -1, solid 1, surfaceprop concrete, contents 400004c1, shape type: Mesh, face: 159450']","['Hit: hitbox 0, hitgroup -1, bone -1, solid 1, surfaceprop Wood_Panel, contents 400004c1, shape type: Hull, face: -1']",confirmed repeated native first-hit ray span,"Diagnostic local ray span: diagonal route turns are not normal sections; cover, slope, cross-area hits and unknown playerclip ray-mask coverage preclude automatic whole-route minimum/architectural boundary acceptance."
ROUTE_BODY64_AXIS_SECTIONS_003,ROUTE_FLOOR_CTSPAWN_UNDERA_LONG_BOTH_04_001_BODY64,CTSPAWN_UNDERA_LONG_BOTH,ROUTE_FLOOR_CTSPAWN_UNDERA_LONG_BOTH_04_001,"[885.14, 2149.99, -27.6]",64,Y,"[885.14, 2048.01, 36.4]","[885.14, 2400.0, 36.4]",894.0546,"['Hit: hitbox 0, hitgroup -1, bone -1, solid 1, surfaceprop concrete, contents 400004c1, shape type: Mesh, face: 160594']","['Hit: hitbox 0, hitgroup -1, bone -1, solid 1, surfaceprop concrete, contents 400004c1, shape type: Mesh, face: 162116']",confirmed repeated native first-hit ray span,"Diagnostic local ray span: diagonal route turns are not normal sections; cover, slope, cross-area hits and unknown playerclip ray-mask coverage preclude automatic whole-route minimum/architectural boundary acceptance."
ROUTE_BODY64_AXIS_SECTIONS_003,ROUTE_FLOOR_CTSPAWN_UNDERA_LONG_BOTH_05_001_BODY64,CTSPAWN_UNDERA_LONG_BOTH,ROUTE_FLOOR_CTSPAWN_UNDERA_LONG_BOTH_05_001,"[1205.38, 2149.99, 0.56]",64,Y,"[1205.38, 2016.01, 64.56]","[1205.38, 2308.97, 64.56]",744.1184,"['Hit: hitbox 0, hitgroup -1, bone -1, solid 1, surfaceprop concrete, contents 400004c1, shape type: Mesh, face: 161358']","['Hit: hitbox 0, hitgroup -1, bone -1, solid 1, surfaceprop metalpanel, contents 400004c1, shape type: Hull, face: -1']",confirmed repeated native first-hit ray span,"Diagnostic local ray span: diagonal route turns are not normal sections; cover, slope, cross-area hits and unknown playerclip ray-mask coverage preclude automatic whole-route minimum/architectural boundary acceptance."
ROUTE_BODY64_AXIS_SECTIONS_003,ROUTE_FLOOR_CTSPAWN_UNDERA_LONG_BOTH_06_001_BODY64,CTSPAWN_UNDERA_LONG_BOTH,ROUTE_FLOOR_CTSPAWN_UNDERA_LONG_BOTH_06_001,"[1402.48, 2200.64, -7.81]",64,Y,"[1402.48, 320.0, 56.19]","[1402.48, 2539.09, 56.19]",5636.4886,"['Hit: hitbox 0, hitgroup -1, bone -1, solid 1, surfaceprop concrete, contents 400004c1, shape type: Mesh, face: 83035']","['Hit: hitbox 0, hitgroup -1, bone -1, solid 1, surfaceprop concrete, contents 400004c1, shape type: Mesh, face: 164488']",confirmed repeated native first-hit ray span,"Diagnostic local ray span: diagonal route turns are not normal sections; cover, slope, cross-area hits and unknown playerclip ray-mask coverage preclude automatic whole-route minimum/architectural boundary acceptance."
ROUTE_BODY64_AXIS_SECTIONS_003,ROUTE_FLOOR_TSPAWN_OUTSIDE_LONG_BOTH_00_001_BODY64,TSPAWN_OUTSIDE_LONG_BOTH,ROUTE_FLOOR_TSPAWN_OUTSIDE_LONG_BOTH_00_001,"[-500.0, -900.0, 106.97]",64,Y,"[-500.0, -1072.0, 170.97]","[-500.0, -360.0, 170.97]",1808.48,"['Hit: hitbox 0, hitgroup -1, bone -1, solid 1, surfaceprop concrete, contents 400004c1, shape type: Mesh, face: 11064']","['Hit: hitbox 0, hitgroup -1, bone -1, solid 1, surfaceprop concrete, contents 400004c1, shape type: Mesh, face: 22796']",confirmed repeated native first-hit ray span,"Diagnostic local ray span: diagonal route turns are not normal sections; cover, slope, cross-area hits and unknown playerclip ray-mask coverage preclude automatic whole-route minimum/architectural boundary acceptance."
ROUTE_BODY64_AXIS_SECTIONS_003,ROUTE_FLOOR_TSPAWN_OUTSIDE_LONG_BOTH_01_001_BODY64,TSPAWN_OUTSIDE_LONG_BOTH,ROUTE_FLOOR_TSPAWN_OUTSIDE_LONG_BOTH_01_001,"[-96.4, -900.0, 14.27]",64,Y,"[-96.4, -1183.84, 78.27]","[-96.4, -448.0, 78.27]",1869.0336,"['Hit: hitbox 0, hitgroup -1, bone -1, solid 1, surfaceprop concrete, contents 400004c1, shape type: Mesh, face: 52216']","['Hit: hitbox 0, hitgroup -1, bone -1, solid 1, surfaceprop concrete, contents 400004c1, shape type: Mesh, face: 57021']",confirmed repeated native first-hit ray span,"Diagnostic local ray span: diagonal route turns are not normal sections; cover, slope, cross-area hits and unknown playerclip ray-mask coverage preclude automatic whole-route minimum/architectural boundary acceptance."
ROUTE_BODY64_AXIS_SECTIONS_003,ROUTE_FLOOR_TSPAWN_OUTSIDE_LONG_BOTH_02_001_BODY64,TSPAWN_OUTSIDE_LONG_BOTH,ROUTE_FLOOR_TSPAWN_OUTSIDE_LONG_BOTH_02_001,"[294.72, -900.0, -9.91]",64,Y,"[294.72, -1192.97, 54.09]","[294.72, 475.88, 54.09]",4238.879,"['Hit: hitbox 0, hitgroup -1, bone -1, solid 1, surfaceprop solidmetal, contents 400004c1, shape type: Hull, face: -1']","['Hit: hitbox 0, hitgroup -1, bone -1, solid 1, surfaceprop concrete, contents 400004c1, shape type: Hull, face: -1']",confirmed repeated native first-hit ray span,"Diagnostic local ray span: diagonal route turns are not normal sections; cover, slope, cross-area hits and unknown playerclip ray-mask coverage preclude automatic whole-route minimum/architectural boundary acceptance."
ROUTE_BODY64_AXIS_SECTIONS_003,ROUTE_FLOOR_TSPAWN_OUTSIDE_LONG_BOTH_03_001_BODY64,TSPAWN_OUTSIDE_LONG_BOTH,ROUTE_FLOOR_TSPAWN_OUTSIDE_LONG_BOTH_03_001,"[299.83, -610.51, 1.36]",64,X,"[-512.0, -610.51, 65.36]","[384.0, -610.51, 65.36]",2275.84,"['Hit: hitbox 0, hitgroup -1, bone -1, solid 1, surfaceprop concrete, contents 400004c1, shape type: Mesh, face: 22595']","['Hit: hitbox 0, hitgroup -1, bone -1, solid 1, surfaceprop concrete, contents 400004c1, shape type: Mesh, face: 58668']",confirmed repeated native first-hit ray span,"Diagnostic local ray span: diagonal route turns are not normal sections; cover, slope, cross-area hits and unknown playerclip ray-mask coverage preclude automatic whole-route minimum/architectural boundary acceptance."
ROUTE_BODY64_AXIS_SECTIONS_003,ROUTE_FLOOR_TSPAWN_OUTSIDE_LONG_BOTH_04_001_BODY64,TSPAWN_OUTSIDE_LONG_BOTH,ROUTE_FLOOR_TSPAWN_OUTSIDE_LONG_BOTH_04_001,"[299.98, -318.64, 0.18]",64,X,"[77.71, -318.64, 64.18]","[778.83, -318.64, 64.18]",1780.8448,"['Hit: hitbox 0, hitgroup -1, bone -1, solid 1, surfaceprop Wood, contents 400004c1, shape type: Hull, face: -1']","['Hit: hitbox 0, hitgroup -1, bone -1, solid 1, surfaceprop concrete, contents 400004c1, shape type: Mesh, face: 79288']",confirmed repeated native first-hit ray span,"Diagnostic local ray span: diagonal route turns are not normal sections; cover, slope, cross-area hits and unknown playerclip ray-mask coverage preclude automatic whole-route minimum/architectural boundary acceptance."
ROUTE_BODY64_AXIS_SECTIONS_003,ROUTE_FLOOR_TSPAWN_OUTSIDE_LONG_BOTH_05_001_BODY64,TSPAWN_OUTSIDE_LONG_BOTH,ROUTE_FLOOR_TSPAWN_OUTSIDE_LONG_BOTH_05_001,"[300.0, 2.84, -2.08]",64,X,"[117.0, 2.84, 61.92]","[767.11, 2.84, 61.92]",1651.2794,"['Hit: hitbox 0, hitgroup -1, bone -1, solid 1, surfaceprop metalpanel, contents 400004c1, shape type: Mesh, face: 67082']","['Hit: hitbox 0, hitgroup -1, bone -1, solid 1, surfaceprop concrete, contents 400004c1, shape type: Mesh, face: 79265']",confirmed repeated native first-hit ray span,"Diagnostic local ray span: diagonal route turns are not normal sections; cover, slope, cross-area hits and unknown playerclip ray-mask coverage preclude automatic whole-route minimum/architectural boundary acceptance."
ROUTE_BODY64_AXIS_SECTIONS_003,ROUTE_FLOOR_TSPAWN_OUTSIDE_TUNNELS_BOTH_00_001_BODY64,TSPAWN_OUTSIDE_TUNNELS_BOTH,ROUTE_FLOOR_TSPAWN_OUTSIDE_TUNNELS_BOTH_00_001,"[-500.0, -900.0, 106.97]",64,Y,"[-500.0, -1072.0, 170.97]","[-500.0, -360.0, 170.97]",1808.48,"['Hit: hitbox 0, hitgroup -1, bone -1, solid 1, surfaceprop concrete, contents 400004c1, shape type: Mesh, face: 11064']","['Hit: hitbox 0, hitgroup -1, bone -1, solid 1, surfaceprop concrete, contents 400004c1, shape type: Mesh, face: 22796']",confirmed repeated native first-hit ray span,"Diagnostic local ray span: diagonal route turns are not normal sections; cover, slope, cross-area hits and unknown playerclip ray-mask coverage preclude automatic whole-route minimum/architectural boundary acceptance."
ROUTE_BODY64_AXIS_SECTIONS_003,ROUTE_FLOOR_TSPAWN_OUTSIDE_TUNNELS_BOTH_01_001_BODY64,TSPAWN_OUTSIDE_TUNNELS_BOTH,ROUTE_FLOOR_TSPAWN_OUTSIDE_TUNNELS_BOTH_01_001,"[-1004.1, -899.99, 118.85]",64,Y,"[-1004.1, -1072.0, 182.85]","[-1004.1, -570.65, 182.85]",1273.429,"['Hit: hitbox 0, hitgroup -1, bone -1, solid 1, surfaceprop concrete, contents 400004c1, shape type: Mesh, face: 10888']","['Hit: hitbox 0, hitgroup -1, bone -1, solid 1, surfaceprop glass, contents 400004c1, shape type: Hull, face: -1']",confirmed repeated native first-hit ray span,"Diagnostic local ray span: diagonal route turns are not normal sections; cover, slope, cross-area hits and unknown playerclip ray-mask coverage preclude automatic whole-route minimum/architectural boundary acceptance."
ROUTE_BODY64_AXIS_SECTIONS_003,ROUTE_FLOOR_TSPAWN_OUTSIDE_TUNNELS_BOTH_03_001_BODY64,TSPAWN_OUTSIDE_TUNNELS_BOTH,ROUTE_FLOOR_TSPAWN_OUTSIDE_TUNNELS_BOTH_03_001,"[-1699.11, -750.68, 118.56]",64,Y,"[-1699.11, -1085.47, 182.56]","[-1699.11, 1408.01, 182.56]",6333.4392,"['Hit: hitbox 0, hitgroup -1, bone -1, solid 1, surfaceprop Wood_Panel, contents 400004c1, shape type: Hull, face: -1']","['Hit: hitbox 0, hitgroup -1, bone -1, solid 1, surfaceprop concrete, contents 400004c1, shape type: Mesh, face: 93048']",confirmed repeated native first-hit ray span,"Diagnostic local ray span: diagonal route turns are not normal sections; cover, slope, cross-area hits and unknown playerclip ray-mask coverage preclude automatic whole-route minimum/architectural boundary acceptance."
ROUTE_BODY64_AXIS_SECTIONS_003,ROUTE_FLOOR_TSPAWN_OUTSIDE_TUNNELS_BOTH_04_001_BODY64,TSPAWN_OUTSIDE_TUNNELS_BOTH,ROUTE_FLOOR_TSPAWN_OUTSIDE_TUNNELS_BOTH_04_001,"[-2048.09, -750.0, 118.1]",64,Y,"[-2048.09, -1067.0, 182.1]","[-2048.09, -111.35, 182.1]",2427.351,"['Hit: hitbox 0, hitgroup -1, bone -1, solid 1, surfaceprop metalpanel, contents 400004c1, shape type: Mesh, face: 138']","['Hit: hitbox 0, hitgroup -1, bone -1, solid 1, surfaceprop concrete, contents 400004c1, shape type: Mesh, face: 8066']",confirmed repeated native first-hit ray span,"Diagnostic local ray span: diagonal route turns are not normal sections; cover, slope, cross-area hits and unknown playerclip ray-mask coverage preclude automatic whole-route minimum/architectural boundary acceptance."
ROUTE_BODY64_AXIS_SECTIONS_003,ROUTE_FLOOR_TSPAWN_OUTSIDE_TUNNELS_BOTH_05_001_BODY64,TSPAWN_OUTSIDE_TUNNELS_BOTH,ROUTE_FLOOR_TSPAWN_OUTSIDE_TUNNELS_BOTH_05_001,"[-2049.98, -402.26, 76.06]",64,X,"[-2081.48, -402.26, 140.06]","[-1792.0, -402.26, 140.06]",735.2792,"['Hit: hitbox 0, hitgroup -1, bone -1, solid 1, surfaceprop concrete, contents 400004c1, shape type: Mesh, face: 5740']","['Hit: hitbox 0, hitgroup -1, bone -1, solid 1, surfaceprop concrete, contents 400004c1, shape type: Mesh, face: 6210']",confirmed repeated native first-hit ray span,"Diagnostic local ray span: diagonal route turns are not normal sections; cover, slope, cross-area hits and unknown playerclip ray-mask coverage preclude automatic whole-route minimum/architectural boundary acceptance."
ROUTE_BODY64_AXIS_SECTIONS_003,ROUTE_FLOOR_TSPAWN_OUTSIDE_TUNNELS_BOTH_06_001_BODY64,TSPAWN_OUTSIDE_TUNNELS_BOTH,ROUTE_FLOOR_TSPAWN_OUTSIDE_TUNNELS_BOTH_06_001,"[-1951.11, -4.46, 0.06]",64,X,"[-2045.97, -4.46, 64.06]","[-1440.54, -4.46, 64.06]",1537.7922,"['Hit: hitbox 0, hitgroup -1, bone -1, solid 1, surfaceprop concrete, contents 400004c1, shape type: Hull, face: -1']","['Hit: hitbox 0, hitgroup -1, bone -1, solid 1, surfaceprop metal_dumpster, contents 400004c1, shape type: Hull, face: -1']",confirmed repeated native first-hit ray span,"Diagnostic local ray span: diagonal route turns are not normal sections; cover, slope, cross-area hits and unknown playerclip ray-mask coverage preclude automatic whole-route minimum/architectural boundary acceptance."
ROUTE_BODY64_AXIS_SECTIONS_003,ROUTE_FLOOR_TSPAWN_OUTSIDE_TUNNELS_BOTH_07_001_BODY64,TSPAWN_OUTSIDE_TUNNELS_BOTH,ROUTE_FLOOR_TSPAWN_OUTSIDE_TUNNELS_BOTH_07_001,"[-1899.87, 401.02, 3.57]",64,X,"[-2176.01, 401.02, 67.57]","[-1292.43, 401.02, 67.57]",2244.2932,"['Hit: hitbox 0, hitgroup -1, bone -1, solid 1, surfaceprop concrete, contents 400004c1, shape type: Mesh, face: 29339']","['Hit: hitbox 0, hitgroup -1, bone -1, solid 1, surfaceprop concrete, contents 400004c1, shape type: Mesh, face: 40971']",confirmed repeated native first-hit ray span,"Diagnostic local ray span: diagonal route turns are not normal sections; cover, slope, cross-area hits and unknown playerclip ray-mask coverage preclude automatic whole-route minimum/architectural boundary acceptance."
ROUTE_BODY64_AXIS_SECTIONS_003,ROUTE_FLOOR_TSPAWN_OUTSIDE_TUNNELS_BOTH_08_001_BODY64,TSPAWN_OUTSIDE_TUNNELS_BOTH,ROUTE_FLOOR_TSPAWN_OUTSIDE_TUNNELS_BOTH_08_001,"[-1705.45, 591.17, 31.27]",64,Y,"[-1705.45, -128.0, 95.27]","[-1705.45, 1408.0, 95.27]",3901.44,"['Hit: hitbox 0, hitgroup -1, bone -1, solid 1, surfaceprop concrete, contents 400004c1, shape type: Mesh, face: 6046']","['Hit: hitbox 0, hitgroup -1, bone -1, solid 1, surfaceprop concrete, contents 400004c1, shape type: Mesh, face: 93043']",confirmed repeated native first-hit ray span,"Diagnostic local ray span: diagonal route turns are not normal sections; cover, slope, cross-area hits and unknown playerclip ray-mask coverage preclude automatic whole-route minimum/architectural boundary acceptance."
ROUTE_BODY64_AXIS_SECTIONS_003,ROUTE_FLOOR_OUTSIDE_UPPER_TUNNELS_BOTH_00_001_BODY64,OUTSIDE_UPPER_TUNNELS_BOTH,ROUTE_FLOOR_OUTSIDE_UPPER_TUNNELS_BOTH_00_001,"[-1700.0, 600.0, 31.07]",64,X,"[-2064.0, 600.0, 95.07]","[-1312.0, 600.0, 95.07]",1910.08,"['Hit: hitbox 0, hitgroup -1, bone -1, solid 1, surfaceprop concrete, contents 400004c1, shape type: Mesh, face: 32144']","['Hit: hitbox 0, hitgroup -1, bone -1, solid 1, surfaceprop concrete, contents 400004c1, shape type: Mesh, face: 42943']",confirmed repeated native first-hit ray span,"Diagnostic local ray span: diagonal route turns are not normal sections; cover, slope, cross-area hits and unknown playerclip ray-mask coverage preclude automatic whole-route minimum/architectural boundary acceptance."
ROUTE_BODY64_AXIS_SECTIONS_003,ROUTE_FLOOR_OUTSIDE_UPPER_TUNNELS_BOTH_01_001_BODY64,OUTSIDE_UPPER_TUNNELS_BOTH,ROUTE_FLOOR_OUTSIDE_UPPER_TUNNELS_BOTH_01_001,"[-1699.98, 776.36, 31.22]",64,X,"[-1728.0, 776.36, 95.22]","[-1600.0, 776.36, 95.22]",325.12,"['Hit: hitbox 0, hitgroup -1, bone -1, solid 1, surfaceprop concrete, contents 400004c1, shape type: Mesh, face: 39958']","['Hit: hitbox 0, hitgroup -1, bone -1, solid 1, surfaceprop concrete, contents 400004c1, shape type: Mesh, face: 40009']",confirmed repeated native first-hit ray span,"Diagnostic local ray span: diagonal route turns are not normal sections; cover, slope, cross-area hits and unknown playerclip ray-mask coverage preclude automatic whole-route minimum/architectural boundary acceptance."
ROUTE_BODY64_AXIS_SECTIONS_003,ROUTE_FLOOR_OUTSIDE_UPPER_TUNNELS_BOTH_02_001_BODY64,OUTSIDE_UPPER_TUNNELS_BOTH,ROUTE_FLOOR_OUTSIDE_UPPER_TUNNELS_BOTH_02_001,"[-1699.99, 997.35, 31.0]",64,X,"[-1856.4, 997.35, 95.0]","[-1536.0, 997.35, 95.0]",813.816,"['Hit: hitbox 0, hitgroup -1, bone -1, solid 1, surfaceprop concrete, contents 400004c1, shape type: Mesh, face: 40264']","['Hit: hitbox 0, hitgroup -1, bone -1, solid 1, surfaceprop concrete, contents 400004c1, shape type: Mesh, face: 40641']",confirmed repeated native first-hit ray span,"Diagnostic local ray span: diagonal route turns are not normal sections; cover, slope, cross-area hits and unknown playerclip ray-mask coverage preclude automatic whole-route minimum/architectural boundary acceptance."
ROUTE_BODY64_AXIS_SECTIONS_003,ROUTE_FLOOR_OUTSIDE_UPPER_TUNNELS_BOTH_03_001_BODY64,OUTSIDE_UPPER_TUNNELS_BOTH,ROUTE_FLOOR_OUTSIDE_UPPER_TUNNELS_BOTH_03_001,"[-1595.21, 1104.9, 33.08]",64,X,"[-2208.0, 1104.9, 97.08]","[-1061.09, 1104.9, 97.08]",2913.1514,"['Hit: hitbox 0, hitgroup -1, bone -1, solid 1, surfaceprop concrete, contents 400004c1, shape type: Mesh, face: 90367']","['Hit: hitbox 0, hitgroup -1, bone -1, solid 1, surfaceprop concrete, contents 400004c1, shape type: Mesh, face: 99301']",confirmed repeated native first-hit ray span,"Diagnostic local ray span: diagonal route turns are not normal sections; cover, slope, cross-area hits and unknown playerclip ray-mask coverage preclude automatic whole-route minimum/architectural boundary acceptance."
ROUTE_BODY64_AXIS_SECTIONS_003,ROUTE_FLOOR_OUTSIDE_UPPER_TUNNELS_BOTH_04_001_BODY64,OUTSIDE_UPPER_TUNNELS_BOTH,ROUTE_FLOOR_OUTSIDE_UPPER_TUNNELS_BOTH_04_001,"[-1599.83, 1196.52, 32.57]",64,Y,"[-1599.83, 963.96, 96.57]","[-1599.83, 1280.07, 96.57]",802.9194,"['Hit: hitbox 0, hitgroup -1, bone -1, solid 1, surfaceprop concrete, contents 400004c1, shape type: Hull, face: -1']","['Hit: hitbox 0, hitgroup -1, bone -1, solid 1, surfaceprop concrete, contents 400004c1, shape type: Mesh, face: 92090']",confirmed repeated native first-hit ray span,"Diagnostic local ray span: diagonal route turns are not normal sections; cover, slope, cross-area hits and unknown playerclip ray-mask coverage preclude automatic whole-route minimum/architectural boundary acceptance."
ROUTE_BODY64_AXIS_SECTIONS_003,ROUTE_FLOOR_OUTSIDE_UPPER_TUNNELS_BOTH_05_001_BODY64,OUTSIDE_UPPER_TUNNELS_BOTH,ROUTE_FLOOR_OUTSIDE_UPPER_TUNNELS_BOTH_05_001,"[-1947.56, 1199.98, 31.39]",64,Y,"[-1947.56, 1023.85, 95.39]","[-1947.56, 3061.75, 95.39]",5176.266,"['Hit: hitbox 0, hitgroup -1, bone -1, solid 1, surfaceprop concrete, contents 400004c1, shape type: Mesh, face: 91329']","['Hit: hitbox 0, hitgroup -1, bone -1, solid 1, surfaceprop Wood_Panel, contents 400004c1, shape type: Hull, face: -1']",confirmed repeated native first-hit ray span,"Diagnostic local ray span: diagonal route turns are not normal sections; cover, slope, cross-area hits and unknown playerclip ray-mask coverage preclude automatic whole-route minimum/architectural boundary acceptance."
ROUTE_BODY64_AXIS_SECTIONS_003,ROUTE_FLOOR_TOPMID_OUTSIDE_LONG_BOTH_00_001_BODY64,TOPMID_OUTSIDE_LONG_BOTH,ROUTE_FLOOR_TOPMID_OUTSIDE_LONG_BOTH_00_001,"[-450.0, 300.0, -3.87]",64,Y,"[-450.0, -60.97, 60.13]","[-450.0, 1614.98, 60.13]",4256.913,"['Hit: hitbox 0, hitgroup -1, bone -1, solid 1, surfaceprop Wood_Panel, contents 400004c1, shape type: Hull, face: -1']","['Hit: hitbox 0, hitgroup -1, bone -1, solid 1, surfaceprop Wood_Dense, contents 400004c1, shape type: Hull, face: -1']",confirmed repeated native first-hit ray span,"Diagnostic local ray span: diagonal route turns are not normal sections; cover, slope, cross-area hits and unknown playerclip ray-mask coverage preclude automatic whole-route minimum/architectural boundary acceptance."
ROUTE_BODY64_AXIS_SECTIONS_003,ROUTE_FLOOR_TOPMID_OUTSIDE_LONG_BOTH_01_001_BODY64,TOPMID_OUTSIDE_LONG_BOTH,ROUTE_FLOOR_TOPMID_OUTSIDE_LONG_BOTH_01_001,"[-196.75, 308.07, 2.16]",64,Y,"[-196.75, 288.0, 66.16]","[-196.75, 1536.03, 66.16]",3169.9962,"['Hit: hitbox 0, hitgroup -1, bone -1, solid 1, surfaceprop concrete, contents 400004c1, shape type: Mesh, face: 63969']","['Hit: hitbox 0, hitgroup -1, bone -1, solid 1, surfaceprop concrete, contents 400004c1, shape type: Hull, face: -1']",confirmed repeated native first-hit ray span,"Diagnostic local ray span: diagonal route turns are not normal sections; cover, slope, cross-area hits and unknown playerclip ray-mask coverage preclude automatic whole-route minimum/architectural boundary acceptance."
ROUTE_BODY64_AXIS_SECTIONS_003,ROUTE_FLOOR_TOPMID_OUTSIDE_LONG_BOTH_02_001_BODY64,TOPMID_OUTSIDE_LONG_BOTH,ROUTE_FLOOR_TOPMID_OUTSIDE_LONG_BOTH_02_001,"[35.42, 308.04, -0.52]",64,Y,"[35.42, 287.67, 63.48]","[35.42, 480.0, 63.48]",488.5182,"['Hit: hitbox 0, hitgroup -1, bone -1, solid 1, surfaceprop concrete, contents 400004c1, shape type: Mesh, face: 64707']","['Hit: hitbox 0, hitgroup -1, bone -1, solid 1, surfaceprop concrete, contents 400004c1, shape type: Mesh, face: 72130']",confirmed repeated native first-hit ray span,"Diagnostic local ray span: diagonal route turns are not normal sections; cover, slope, cross-area hits and unknown playerclip ray-mask coverage preclude automatic whole-route minimum/architectural boundary acceptance."
ROUTE_BODY64_AXIS_SECTIONS_003,ROUTE_FLOOR_TOPMID_OUTSIDE_LONG_BOTH_03_001_BODY64,TOPMID_OUTSIDE_LONG_BOTH,ROUTE_FLOOR_TOPMID_OUTSIDE_LONG_BOTH_03_001,"[300.93, 299.96, -0.89]",64,X,"[-721.03, 299.96, 63.11]","[468.73, 299.96, 63.11]",3021.9904,"['Hit: hitbox 0, hitgroup -1, bone -1, solid 1, surfaceprop metalpanel, contents 400004c1, shape type: Mesh, face: 48054']","['Hit: hitbox 0, hitgroup -1, bone -1, solid 1, surfaceprop concrete, contents 400004c1, shape type: Hull, face: -1']",confirmed repeated native first-hit ray span,"Diagnostic local ray span: diagonal route turns are not normal sections; cover, slope, cross-area hits and unknown playerclip ray-mask coverage preclude automatic whole-route minimum/architectural boundary acceptance."
ROUTE_BODY64_AXIS_SECTIONS_003,ROUTE_FLOOR_TOPMID_OUTSIDE_LONG_BOTH_04_001_BODY64,TOPMID_OUTSIDE_LONG_BOTH,ROUTE_FLOOR_TOPMID_OUTSIDE_LONG_BOTH_04_001,"[300.04, 8.1, -2.11]",64,X,"[117.0, 8.1, 61.89]","[767.12, 8.1, 61.89]",1651.3048,"['Hit: hitbox 0, hitgroup -1, bone -1, solid 1, surfaceprop metalpanel, contents 400004c1, shape type: Mesh, face: 67082']","['Hit: hitbox 0, hitgroup -1, bone -1, solid 1, surfaceprop concrete, contents 400004c1, shape type: Mesh, face: 79274']",confirmed repeated native first-hit ray span,"Diagnostic local ray span: diagonal route turns are not normal sections; cover, slope, cross-area hits and unknown playerclip ray-mask coverage preclude automatic whole-route minimum/architectural boundary acceptance."
ROUTE_BODY64_AXIS_SECTIONS_003,ROUTE_FLOOR_LONG_CORNER_SIDE_PIT_BOTH_00_001_BODY64,LONG_CORNER_SIDE_PIT_BOTH,ROUTE_FLOOR_LONG_CORNER_SIDE_PIT_BOTH_00_001,"[1200.0, 950.0, -1.04]",64,Y,"[1200.0, 192.0, 62.96]","[1200.0, 1223.97, 62.96]",2621.2038,"['Hit: hitbox 0, hitgroup -1, bone -1, solid 1, surfaceprop concrete, contents 400004c1, shape type: Mesh, face: 86453']","['Hit: hitbox 0, hitgroup -1, bone -1, solid 1, surfaceprop metalpanel, contents 400004c1, shape type: Hull, face: -1']",confirmed repeated native first-hit ray span,"Diagnostic local ray span: diagonal route turns are not normal sections; cover, slope, cross-area hits and unknown playerclip ray-mask coverage preclude automatic whole-route minimum/architectural boundary acceptance."
ROUTE_BODY64_AXIS_SECTIONS_003,ROUTE_FLOOR_LONG_CORNER_SIDE_PIT_BOTH_01_001_BODY64,LONG_CORNER_SIDE_PIT_BOTH,ROUTE_FLOOR_LONG_CORNER_SIDE_PIT_BOTH_01_001,"[1488.11, 950.0, -8.24]",64,Y,"[1488.11, 320.0, 55.76]","[1488.11, 2550.94, 55.76]",5666.5876,"['Hit: hitbox 0, hitgroup -1, bone -1, solid 1, surfaceprop concrete, contents 400004c1, shape type: Mesh, face: 83042']","['Hit: hitbox 0, hitgroup -1, bone -1, solid 1, surfaceprop concrete, contents 400004c1, shape type: Mesh, face: 164495']",confirmed repeated native first-hit ray span,"Diagnostic local ray span: diagonal route turns are not normal sections; cover, slope, cross-area hits and unknown playerclip ray-mask coverage preclude automatic whole-route minimum/architectural boundary acceptance."
ROUTE_BODY64_AXIS_SECTIONS_003,ROUTE_FLOOR_LONG_CORNER_SIDE_PIT_BOTH_02_001_BODY64,LONG_CORNER_SIDE_PIT_BOTH,ROUTE_FLOOR_LONG_CORNER_SIDE_PIT_BOTH_02_001,"[1696.6, 950.0, -6.11]",64,Y,"[1696.6, 288.0, 57.89]","[1696.6, 1034.21, 57.89]",1895.3734,"['Hit: hitbox 0, hitgroup -1, bone -1, solid 1, surfaceprop concrete, contents 400004c1, shape type: Mesh, face: 87707']","['Hit: hitbox 0, hitgroup -1, bone -1, solid 1, surfaceprop concrete, contents 400004c1, shape type: Mesh, face: 148588']",confirmed repeated native first-hit ray span,"Diagnostic local ray span: diagonal route turns are not normal sections; cover, slope, cross-area hits and unknown playerclip ray-mask coverage preclude automatic whole-route minimum/architectural boundary acceptance."
ROUTE_BODY64_AXIS_SECTIONS_003,ROUTE_FLOOR_LONG_CORNER_SIDE_PIT_BOTH_03_001_BODY64,LONG_CORNER_SIDE_PIT_BOTH,ROUTE_FLOOR_LONG_CORNER_SIDE_PIT_BOTH_03_001,"[1699.97, 801.14, -9.23]",64,X,"[496.0, 801.14, 54.77]","[2144.0, 801.14, 54.77]",4185.92,"['Hit: hitbox 0, hitgroup -1, bone -1, solid 1, surfaceprop concrete, contents 400004c1, shape type: Mesh, face: 76116']","['Hit: hitbox 0, hitgroup -1, bone -1, solid 1, surfaceprop concrete, contents 400004c1, shape type: Mesh, face: 88205']",confirmed repeated native first-hit ray span,"Diagnostic local ray span: diagonal route turns are not normal sections; cover, slope, cross-area hits and unknown playerclip ray-mask coverage preclude automatic whole-route minimum/architectural boundary acceptance."
ROUTE_BODY64_AXIS_SECTIONS_003,ROUTE_FLOOR_LONG_CORNER_SIDE_PIT_BOTH_04_001_BODY64,LONG_CORNER_SIDE_PIT_BOTH,ROUTE_FLOOR_LONG_CORNER_SIDE_PIT_BOTH_04_001,"[1700.0, 651.02, 55.95]",64,X,"[960.0, 651.02, 119.95]","[1792.0, 651.02, 119.95]",2113.28,"['Hit: hitbox 0, hitgroup -1, bone -1, solid 1, surfaceprop concrete, contents 400004c1, shape type: Mesh, face: 85916']","['Hit: hitbox 0, hitgroup -1, bone -1, solid 1, surfaceprop concrete, contents 400004c1, shape type: Mesh, face: 87773']",confirmed repeated native first-hit ray span,"Diagnostic local ray span: diagonal route turns are not normal sections; cover, slope, cross-area hits and unknown playerclip ray-mask coverage preclude automatic whole-route minimum/architectural boundary acceptance."
ROUTE_BODY64_AXIS_SECTIONS_003,ROUTE_FLOOR_LONG_CORNER_SIDE_PIT_BOTH_05_001_BODY64,LONG_CORNER_SIDE_PIT_BOTH,ROUTE_FLOOR_LONG_CORNER_SIDE_PIT_BOTH_05_001,"[1699.99, 502.18, 55.11]",64,X,"[944.0, 502.18, 119.11]","[1792.0, 502.18, 119.11]",2153.92,"['Hit: hitbox 0, hitgroup -1, bone -1, solid 1, surfaceprop concrete, contents 400004c1, shape type: Mesh, face: 85348']","['Hit: hitbox 0, hitgroup -1, bone -1, solid 1, surfaceprop concrete, contents 400004c1, shape type: Mesh, face: 87758']",confirmed repeated native first-hit ray span,"Diagnostic local ray span: diagonal route turns are not normal sections; cover, slope, cross-area hits and unknown playerclip ray-mask coverage preclude automatic whole-route minimum/architectural boundary acceptance."
ROUTE_BODY64_AXIS_SECTIONS_003,ROUTE_FLOOR_SUICIDE_TOPMID_BOTH_00_001_BODY64,SUICIDE_TOPMID_BOTH,ROUTE_FLOOR_SUICIDE_TOPMID_BOTH_00_001,"[-450.0, -500.0, 0.55]",64,X,"[-512.0, -500.0, 64.55]","[395.15, -500.0, 64.55]",2304.161,"['Hit: hitbox 0, hitgroup -1, bone -1, solid 1, surfaceprop concrete, contents 400004c1, shape type: Mesh, face: 22609']","['Hit: hitbox 0, hitgroup -1, bone -1, solid 1, surfaceprop metalpanel, contents 400004c1, shape type: Mesh, face: 58695']",confirmed repeated native first-hit ray span,"Diagnostic local ray span: diagonal route turns are not normal sections; cover, slope, cross-area hits and unknown playerclip ray-mask coverage preclude automatic whole-route minimum/architectural boundary acceptance."
ROUTE_BODY64_AXIS_SECTIONS_003,ROUTE_FLOOR_SUICIDE_TOPMID_BOTH_01_001_BODY64,SUICIDE_TOPMID_BOTH,ROUTE_FLOOR_SUICIDE_TOPMID_BOTH_01_001,"[-399.74, -298.95, 0.62]",64,X,"[-512.0, -298.95, 64.62]","[-363.49, -298.95, 64.62]",377.2154,"['Hit: hitbox 0, hitgroup -1, bone -1, solid 1, surfaceprop concrete, contents 400004c1, shape type: Mesh, face: 22827']","['Hit: hitbox 0, hitgroup -1, bone -1, solid 1, surfaceprop Wood, contents 400004c1, shape type: Mesh, face: 61231']",confirmed repeated native first-hit ray span,"Diagnostic local ray span: diagonal route turns are not normal sections; cover, slope, cross-area hits and unknown playerclip ray-mask coverage preclude automatic whole-route minimum/architectural boundary acceptance."
ROUTE_BODY64_AXIS_SECTIONS_003,ROUTE_FLOOR_SUICIDE_TOPMID_BOTH_02_001_BODY64,SUICIDE_TOPMID_BOTH,ROUTE_FLOOR_SUICIDE_TOPMID_BOTH_02_001,"[-405.08, -97.63, -1.18]",64,X,"[-439.11, -97.63, 62.82]","[-384.0, -97.63, 62.82]",139.9794,"['Hit: hitbox 0, hitgroup -1, bone -1, solid 1, surfaceprop Wood_Panel, contents 400004c1, shape type: Hull, face: -1']","['Hit: hitbox 0, hitgroup -1, bone -1, solid 1, surfaceprop concrete, contents 400004c1, shape type: Mesh, face: 60253']",confirmed repeated native first-hit ray span,"Diagnostic local ray span: diagonal route turns are not normal sections; cover, slope, cross-area hits and unknown playerclip ray-mask coverage preclude automatic whole-route minimum/architectural boundary acceptance."
ROUTE_BODY64_AXIS_SECTIONS_003,ROUTE_FLOOR_SUICIDE_TOPMID_BOTH_03_001_BODY64,SUICIDE_TOPMID_BOTH,ROUTE_FLOOR_SUICIDE_TOPMID_BOTH_03_001,"[-405.08, 108.25, -0.76]",64,X,"[-511.92, 108.25, 63.24]","[-384.01, 108.25, 63.24]",324.8914,"['Hit: hitbox 0, hitgroup -1, bone -1, solid 1, surfaceprop concrete, contents 400004c1, shape type: Mesh, face: 22918']","['Hit: hitbox 0, hitgroup -1, bone -1, solid 1, surfaceprop concrete, contents 400004c1, shape type: Mesh, face: 61820']",confirmed repeated native first-hit ray span,"Diagnostic local ray span: diagonal route turns are not normal sections; cover, slope, cross-area hits and unknown playerclip ray-mask coverage preclude automatic whole-route minimum/architectural boundary acceptance."
ROUTE_BODY64_AXIS_SECTIONS_003,ROUTE_FLOOR_SUICIDE_TOPMID_BOTH_04_001_BODY64,SUICIDE_TOPMID_BOTH,ROUTE_FLOOR_SUICIDE_TOPMID_BOTH_04_001,"[-452.34, 310.0, -3.89]",64,X,"[-722.98, 310.0, 60.11]","[479.96, 310.0, 60.11]",3055.4676,"['Hit: hitbox 0, hitgroup -1, bone -1, solid 1, surfaceprop metalpanel, contents 400004c1, shape type: Mesh, face: 48056']","['Hit: hitbox 0, hitgroup -1, bone -1, solid 1, surfaceprop concrete, contents 400004c1, shape type: Mesh, face: 71205']",confirmed repeated native first-hit ray span,"Diagnostic local ray span: diagonal route turns are not normal sections; cover, slope, cross-area hits and unknown playerclip ray-mask coverage preclude automatic whole-route minimum/architectural boundary acceptance."
